,0
0,INDETERMINATE
1,INDETERMINATE
2,Rock
3,INDETERMINATE
4,INDETERMINATE
5,INDETERMINATE
6,Rock
7,INDETERMINATE
8,INDETERMINATE
9,INDETERMINATE
10,INDETERMINATE
11,INDETERMINATE
12,INDETERMINATE
13,INDETERMINATE
14,INDETERMINATE
15,INDETERMINATE
16,INDETERMINATE
17,INDETERMINATE
18,INDETERMINATE
19,INDETERMINATE
20,INDETERMINATE
21,INDETERMINATE
22,INDETERMINATE
23,INDETERMINATE
24,INDETERMINATE
25,INDETERMINATE
26,INDETERMINATE
27,INDETERMINATE
28,INDETERMINATE
29,INDETERMINATE
30,INDETERMINATE
31,INDETERMINATE
32,INDETERMINATE
33,INDETERMINATE
34,INDETERMINATE
35,INDETERMINATE
36,INDETERMINATE
37,INDETERMINATE
38,INDETERMINATE
39,INDETERMINATE
40,INDETERMINATE
41,INDETERMINATE
42,INDETERMINATE
43,INDETERMINATE
44,INDETERMINATE
45,INDETERMINATE
46,INDETERMINATE
47,INDETERMINATE
48,INDETERMINATE
49,INDETERMINATE
50,INDETERMINATE
51,INDETERMINATE
52,INDETERMINATE
53,INDETERMINATE
54,Electronic
55,INDETERMINATE
56,INDETERMINATE
57,INDETERMINATE
58,Electronic
59,INDETERMINATE
60,INDETERMINATE
61,INDETERMINATE
62,INDETERMINATE
63,INDETERMINATE
64,Rock
65,INDETERMINATE
66,INDETERMINATE
67,INDETERMINATE
68,Rock
69,INDETERMINATE
70,Experimental
71,Rock
72,INDETERMINATE
73,INDETERMINATE
74,INDETERMINATE
75,INDETERMINATE
76,INDETERMINATE
77,INDETERMINATE
78,INDETERMINATE
79,Rock
80,Rock
81,Rock
82,INDETERMINATE
83,INDETERMINATE
84,INDETERMINATE
85,INDETERMINATE
86,INDETERMINATE
87,INDETERMINATE
88,Rock
89,INDETERMINATE
90,INDETERMINATE
91,INDETERMINATE
92,Rock
93,INDETERMINATE
94,INDETERMINATE
95,INDETERMINATE
96,INDETERMINATE
97,INDETERMINATE
98,INDETERMINATE
99,INDETERMINATE
100,INDETERMINATE
101,INDETERMINATE
102,INDETERMINATE
103,INDETERMINATE
104,INDETERMINATE
105,INDETERMINATE
106,INDETERMINATE
107,INDETERMINATE
108,INDETERMINATE
109,INDETERMINATE
110,INDETERMINATE
111,INDETERMINATE
112,Rock
113,INDETERMINATE
114,Electronic
115,INDETERMINATE
116,INDETERMINATE
117,Rock
118,INDETERMINATE
119,INDETERMINATE
120,INDETERMINATE
121,INDETERMINATE
122,INDETERMINATE
123,INDETERMINATE
124,INDETERMINATE
125,INDETERMINATE
126,INDETERMINATE
127,INDETERMINATE
128,INDETERMINATE
129,Rock
130,INDETERMINATE
131,Electronic
132,INDETERMINATE
133,INDETERMINATE
134,INDETERMINATE
135,INDETERMINATE
136,INDETERMINATE
137,INDETERMINATE
138,INDETERMINATE
139,INDETERMINATE
140,INDETERMINATE
141,INDETERMINATE
142,INDETERMINATE
143,Rock
144,INDETERMINATE
145,INDETERMINATE
146,INDETERMINATE
147,INDETERMINATE
148,Rock
149,INDETERMINATE
150,INDETERMINATE
151,INDETERMINATE
152,Rock
153,INDETERMINATE
154,INDETERMINATE
155,INDETERMINATE
156,INDETERMINATE
157,Experimental
158,INDETERMINATE
159,INDETERMINATE
160,INDETERMINATE
161,INDETERMINATE
162,INDETERMINATE
163,INDETERMINATE
164,INDETERMINATE
165,INDETERMINATE
166,INDETERMINATE
167,INDETERMINATE
168,INDETERMINATE
169,INDETERMINATE
170,INDETERMINATE
171,INDETERMINATE
172,INDETERMINATE
173,INDETERMINATE
174,INDETERMINATE
175,INDETERMINATE
176,INDETERMINATE
177,INDETERMINATE
178,INDETERMINATE
179,Rock
180,INDETERMINATE
181,INDETERMINATE
182,INDETERMINATE
183,INDETERMINATE
184,INDETERMINATE
185,INDETERMINATE
186,INDETERMINATE
187,INDETERMINATE
188,INDETERMINATE
189,INDETERMINATE
190,INDETERMINATE
191,INDETERMINATE
192,INDETERMINATE
193,Rock
194,INDETERMINATE
195,INDETERMINATE
196,INDETERMINATE
197,INDETERMINATE
198,Rock
199,Rock
200,Rock
201,INDETERMINATE
202,Rock
203,Rock
204,INDETERMINATE
205,INDETERMINATE
206,Rock
207,Rock
208,INDETERMINATE
209,INDETERMINATE
210,INDETERMINATE
211,Rock
212,INDETERMINATE
213,INDETERMINATE
214,INDETERMINATE
215,INDETERMINATE
216,INDETERMINATE
217,INDETERMINATE
218,INDETERMINATE
219,INDETERMINATE
220,Experimental
221,INDETERMINATE
222,INDETERMINATE
223,Electronic
224,INDETERMINATE
225,INDETERMINATE
226,INDETERMINATE
227,INDETERMINATE
228,INDETERMINATE
229,INDETERMINATE
230,INDETERMINATE
231,Electronic
232,INDETERMINATE
233,INDETERMINATE
234,Rock
235,Rock
236,INDETERMINATE
237,INDETERMINATE
238,INDETERMINATE
239,INDETERMINATE
240,INDETERMINATE
241,INDETERMINATE
242,INDETERMINATE
243,INDETERMINATE
244,INDETERMINATE
245,INDETERMINATE
246,INDETERMINATE
247,INDETERMINATE
248,INDETERMINATE
249,INDETERMINATE
250,INDETERMINATE
251,INDETERMINATE
252,Rock
253,INDETERMINATE
254,Rock
255,Rock
256,INDETERMINATE
257,INDETERMINATE
258,INDETERMINATE
259,INDETERMINATE
260,INDETERMINATE
261,Rock
262,INDETERMINATE
263,Rock
264,INDETERMINATE
265,INDETERMINATE
266,INDETERMINATE
267,Rock
268,INDETERMINATE
269,Rock
270,Rock
271,INDETERMINATE
272,INDETERMINATE
273,INDETERMINATE
274,INDETERMINATE
275,Rock
276,INDETERMINATE
277,INDETERMINATE
278,INDETERMINATE
279,INDETERMINATE
280,INDETERMINATE
281,Experimental
282,INDETERMINATE
283,INDETERMINATE
284,INDETERMINATE
285,INDETERMINATE
286,INDETERMINATE
287,INDETERMINATE
288,INDETERMINATE
289,INDETERMINATE
290,INDETERMINATE
291,INDETERMINATE
292,INDETERMINATE
293,INDETERMINATE
294,INDETERMINATE
295,INDETERMINATE
296,INDETERMINATE
297,INDETERMINATE
298,INDETERMINATE
299,INDETERMINATE
300,INDETERMINATE
301,INDETERMINATE
302,INDETERMINATE
303,INDETERMINATE
304,INDETERMINATE
305,Rock
306,INDETERMINATE
307,INDETERMINATE
308,INDETERMINATE
309,INDETERMINATE
310,INDETERMINATE
311,INDETERMINATE
312,INDETERMINATE
313,INDETERMINATE
314,INDETERMINATE
315,INDETERMINATE
316,INDETERMINATE
317,INDETERMINATE
318,INDETERMINATE
319,INDETERMINATE
320,INDETERMINATE
321,INDETERMINATE
322,INDETERMINATE
323,INDETERMINATE
324,INDETERMINATE
325,Experimental
326,INDETERMINATE
327,Rock
328,Experimental
329,INDETERMINATE
330,INDETERMINATE
331,Rock
332,INDETERMINATE
333,Experimental
334,INDETERMINATE
335,INDETERMINATE
336,Experimental
337,INDETERMINATE
338,INDETERMINATE
339,INDETERMINATE
340,INDETERMINATE
341,INDETERMINATE
342,INDETERMINATE
343,INDETERMINATE
344,INDETERMINATE
345,INDETERMINATE
346,INDETERMINATE
347,INDETERMINATE
348,INDETERMINATE
349,INDETERMINATE
350,INDETERMINATE
351,INDETERMINATE
352,Rock
353,Rock
354,INDETERMINATE
355,INDETERMINATE
356,INDETERMINATE
357,Experimental
358,INDETERMINATE
359,INDETERMINATE
360,INDETERMINATE
361,INDETERMINATE
362,INDETERMINATE
363,INDETERMINATE
364,INDETERMINATE
365,INDETERMINATE
366,Rock
367,INDETERMINATE
368,INDETERMINATE
369,INDETERMINATE
370,INDETERMINATE
371,INDETERMINATE
372,INDETERMINATE
373,Rock
374,INDETERMINATE
375,Rock
376,INDETERMINATE
377,INDETERMINATE
378,INDETERMINATE
379,INDETERMINATE
380,INDETERMINATE
381,INDETERMINATE
382,INDETERMINATE
383,INDETERMINATE
384,Rock
385,INDETERMINATE
386,INDETERMINATE
387,INDETERMINATE
388,Rock
389,Rock
390,Electronic
391,INDETERMINATE
392,INDETERMINATE
393,INDETERMINATE
394,INDETERMINATE
395,INDETERMINATE
396,INDETERMINATE
397,Rock
398,INDETERMINATE
399,INDETERMINATE
400,Rock
401,Rock
402,INDETERMINATE
403,Experimental
404,INDETERMINATE
405,INDETERMINATE
406,INDETERMINATE
407,INDETERMINATE
408,INDETERMINATE
409,INDETERMINATE
410,INDETERMINATE
411,INDETERMINATE
412,INDETERMINATE
413,INDETERMINATE
414,INDETERMINATE
415,INDETERMINATE
416,INDETERMINATE
417,Rock
418,INDETERMINATE
419,Rock
420,INDETERMINATE
421,INDETERMINATE
422,Rock
423,Electronic
424,INDETERMINATE
425,Rock
426,Rock
427,Rock
428,INDETERMINATE
429,Rock
430,INDETERMINATE
431,Rock
432,INDETERMINATE
433,INDETERMINATE
434,INDETERMINATE
435,INDETERMINATE
436,INDETERMINATE
437,INDETERMINATE
438,INDETERMINATE
439,INDETERMINATE
440,INDETERMINATE
441,INDETERMINATE
442,INDETERMINATE
443,INDETERMINATE
444,INDETERMINATE
445,INDETERMINATE
446,INDETERMINATE
447,INDETERMINATE
448,INDETERMINATE
449,INDETERMINATE
450,INDETERMINATE
451,INDETERMINATE
452,Rock
453,INDETERMINATE
454,INDETERMINATE
455,INDETERMINATE
456,Rock
457,INDETERMINATE
458,Rock
459,Rock
460,INDETERMINATE
461,Rock
462,INDETERMINATE
463,INDETERMINATE
464,INDETERMINATE
465,INDETERMINATE
466,INDETERMINATE
467,INDETERMINATE
468,INDETERMINATE
469,INDETERMINATE
470,INDETERMINATE
471,Electronic
472,INDETERMINATE
473,INDETERMINATE
474,Rock
475,Rock
476,INDETERMINATE
477,INDETERMINATE
478,INDETERMINATE
479,INDETERMINATE
480,Rock
481,Rock
482,Rock
483,Rock
484,INDETERMINATE
485,INDETERMINATE
486,INDETERMINATE
487,INDETERMINATE
488,INDETERMINATE
489,Rock
490,INDETERMINATE
491,INDETERMINATE
492,INDETERMINATE
493,INDETERMINATE
494,INDETERMINATE
495,INDETERMINATE
496,INDETERMINATE
497,INDETERMINATE
498,INDETERMINATE
499,INDETERMINATE
500,Rock
501,INDETERMINATE
502,INDETERMINATE
503,INDETERMINATE
504,INDETERMINATE
505,INDETERMINATE
506,INDETERMINATE
507,INDETERMINATE
508,INDETERMINATE
509,INDETERMINATE
510,INDETERMINATE
511,INDETERMINATE
512,INDETERMINATE
513,Experimental
514,INDETERMINATE
515,INDETERMINATE
516,INDETERMINATE
517,INDETERMINATE
518,INDETERMINATE
519,INDETERMINATE
520,Rock
521,INDETERMINATE
522,INDETERMINATE
523,INDETERMINATE
524,INDETERMINATE
525,INDETERMINATE
526,INDETERMINATE
527,INDETERMINATE
528,INDETERMINATE
529,Rock
530,Rock
531,INDETERMINATE
532,INDETERMINATE
533,INDETERMINATE
534,INDETERMINATE
535,Rock
536,INDETERMINATE
537,Rock
538,Rock
539,INDETERMINATE
540,INDETERMINATE
541,INDETERMINATE
542,INDETERMINATE
543,INDETERMINATE
544,INDETERMINATE
545,INDETERMINATE
546,INDETERMINATE
547,INDETERMINATE
548,INDETERMINATE
549,INDETERMINATE
550,INDETERMINATE
551,INDETERMINATE
552,INDETERMINATE
553,INDETERMINATE
554,INDETERMINATE
555,INDETERMINATE
556,INDETERMINATE
557,INDETERMINATE
558,INDETERMINATE
559,INDETERMINATE
560,INDETERMINATE
561,INDETERMINATE
562,INDETERMINATE
563,INDETERMINATE
564,INDETERMINATE
565,INDETERMINATE
566,INDETERMINATE
567,INDETERMINATE
568,INDETERMINATE
569,INDETERMINATE
570,INDETERMINATE
571,INDETERMINATE
572,INDETERMINATE
573,INDETERMINATE
574,INDETERMINATE
575,Rock
576,INDETERMINATE
577,INDETERMINATE
578,INDETERMINATE
579,INDETERMINATE
580,INDETERMINATE
581,INDETERMINATE
582,INDETERMINATE
583,INDETERMINATE
584,INDETERMINATE
585,INDETERMINATE
586,INDETERMINATE
587,INDETERMINATE
588,INDETERMINATE
589,INDETERMINATE
590,INDETERMINATE
591,INDETERMINATE
592,INDETERMINATE
593,INDETERMINATE
594,INDETERMINATE
595,INDETERMINATE
596,INDETERMINATE
597,INDETERMINATE
598,INDETERMINATE
599,Electronic
600,INDETERMINATE
601,INDETERMINATE
602,INDETERMINATE
603,INDETERMINATE
604,Rock
605,Rock
606,INDETERMINATE
607,INDETERMINATE
608,Rock
609,INDETERMINATE
610,INDETERMINATE
611,INDETERMINATE
612,INDETERMINATE
613,INDETERMINATE
614,INDETERMINATE
615,Rock
616,INDETERMINATE
617,Rock
618,INDETERMINATE
619,INDETERMINATE
620,INDETERMINATE
621,INDETERMINATE
622,INDETERMINATE
623,INDETERMINATE
624,INDETERMINATE
625,INDETERMINATE
626,INDETERMINATE
627,INDETERMINATE
628,INDETERMINATE
629,INDETERMINATE
630,INDETERMINATE
631,INDETERMINATE
632,INDETERMINATE
633,INDETERMINATE
634,INDETERMINATE
635,INDETERMINATE
636,Rock
637,INDETERMINATE
638,Rock
639,Rock
640,INDETERMINATE
641,INDETERMINATE
642,INDETERMINATE
643,INDETERMINATE
644,INDETERMINATE
645,INDETERMINATE
646,INDETERMINATE
647,INDETERMINATE
648,INDETERMINATE
649,INDETERMINATE
650,INDETERMINATE
651,INDETERMINATE
652,INDETERMINATE
653,INDETERMINATE
654,INDETERMINATE
655,INDETERMINATE
656,INDETERMINATE
657,INDETERMINATE
658,INDETERMINATE
659,INDETERMINATE
660,INDETERMINATE
661,INDETERMINATE
662,Rock
663,INDETERMINATE
664,INDETERMINATE
665,INDETERMINATE
666,INDETERMINATE
667,INDETERMINATE
668,INDETERMINATE
669,INDETERMINATE
670,INDETERMINATE
671,INDETERMINATE
672,INDETERMINATE
673,Rock
674,Electronic
675,INDETERMINATE
676,INDETERMINATE
677,INDETERMINATE
678,INDETERMINATE
679,INDETERMINATE
680,INDETERMINATE
681,INDETERMINATE
682,INDETERMINATE
683,INDETERMINATE
684,INDETERMINATE
685,INDETERMINATE
686,INDETERMINATE
687,INDETERMINATE
688,INDETERMINATE
689,INDETERMINATE
690,INDETERMINATE
691,Rock
692,Rock
693,INDETERMINATE
694,INDETERMINATE
695,Rock
696,INDETERMINATE
697,INDETERMINATE
698,Rock
699,INDETERMINATE
700,INDETERMINATE
701,Rock
702,INDETERMINATE
703,INDETERMINATE
704,INDETERMINATE
705,INDETERMINATE
706,INDETERMINATE
707,INDETERMINATE
708,Electronic
709,Rock
710,Electronic
711,Rock
712,INDETERMINATE
713,INDETERMINATE
714,Rock
715,Electronic
716,INDETERMINATE
717,Rock
718,INDETERMINATE
719,INDETERMINATE
720,INDETERMINATE
721,INDETERMINATE
722,INDETERMINATE
723,INDETERMINATE
724,INDETERMINATE
725,Rock
726,INDETERMINATE
727,INDETERMINATE
728,INDETERMINATE
729,INDETERMINATE
730,INDETERMINATE
731,INDETERMINATE
732,INDETERMINATE
733,INDETERMINATE
734,INDETERMINATE
735,INDETERMINATE
736,Rock
737,INDETERMINATE
738,INDETERMINATE
739,INDETERMINATE
740,INDETERMINATE
741,INDETERMINATE
742,INDETERMINATE
743,INDETERMINATE
744,INDETERMINATE
745,INDETERMINATE
746,INDETERMINATE
747,Rock
748,INDETERMINATE
749,INDETERMINATE
750,INDETERMINATE
751,Rock
752,INDETERMINATE
753,INDETERMINATE
754,INDETERMINATE
755,INDETERMINATE
756,INDETERMINATE
757,INDETERMINATE
758,INDETERMINATE
759,INDETERMINATE
760,INDETERMINATE
761,INDETERMINATE
762,INDETERMINATE
763,INDETERMINATE
764,INDETERMINATE
765,INDETERMINATE
766,INDETERMINATE
767,INDETERMINATE
768,INDETERMINATE
769,INDETERMINATE
770,INDETERMINATE
771,INDETERMINATE
772,INDETERMINATE
773,INDETERMINATE
774,INDETERMINATE
775,INDETERMINATE
776,INDETERMINATE
777,INDETERMINATE
778,Rock
779,INDETERMINATE
780,INDETERMINATE
781,INDETERMINATE
782,INDETERMINATE
783,INDETERMINATE
784,INDETERMINATE
785,INDETERMINATE
786,INDETERMINATE
787,INDETERMINATE
788,INDETERMINATE
789,Experimental
790,INDETERMINATE
791,INDETERMINATE
792,INDETERMINATE
793,INDETERMINATE
794,INDETERMINATE
795,Rock
796,Rock
797,INDETERMINATE
798,Rock
799,INDETERMINATE
800,INDETERMINATE
801,INDETERMINATE
802,INDETERMINATE
803,INDETERMINATE
804,INDETERMINATE
805,INDETERMINATE
806,INDETERMINATE
807,INDETERMINATE
808,INDETERMINATE
809,INDETERMINATE
810,INDETERMINATE
811,Experimental
812,INDETERMINATE
813,INDETERMINATE
814,INDETERMINATE
815,INDETERMINATE
816,INDETERMINATE
817,INDETERMINATE
818,INDETERMINATE
819,INDETERMINATE
820,INDETERMINATE
821,INDETERMINATE
822,INDETERMINATE
823,INDETERMINATE
824,INDETERMINATE
825,Rock
826,Rock
827,Rock
828,INDETERMINATE
829,INDETERMINATE
830,INDETERMINATE
831,INDETERMINATE
832,INDETERMINATE
833,INDETERMINATE
834,Electronic
835,INDETERMINATE
836,INDETERMINATE
837,INDETERMINATE
838,INDETERMINATE
839,INDETERMINATE
840,INDETERMINATE
841,INDETERMINATE
842,INDETERMINATE
843,INDETERMINATE
844,INDETERMINATE
845,INDETERMINATE
846,INDETERMINATE
847,INDETERMINATE
848,INDETERMINATE
849,INDETERMINATE
850,INDETERMINATE
851,INDETERMINATE
852,INDETERMINATE
853,INDETERMINATE
854,INDETERMINATE
855,INDETERMINATE
856,INDETERMINATE
857,INDETERMINATE
858,INDETERMINATE
859,INDETERMINATE
860,INDETERMINATE
861,INDETERMINATE
862,INDETERMINATE
863,Rock
864,INDETERMINATE
865,INDETERMINATE
866,INDETERMINATE
867,INDETERMINATE
868,INDETERMINATE
869,INDETERMINATE
870,INDETERMINATE
871,Electronic
872,INDETERMINATE
873,INDETERMINATE
874,Rock
875,INDETERMINATE
876,INDETERMINATE
877,INDETERMINATE
878,INDETERMINATE
879,INDETERMINATE
880,INDETERMINATE
881,INDETERMINATE
882,INDETERMINATE
883,INDETERMINATE
884,INDETERMINATE
885,INDETERMINATE
886,INDETERMINATE
887,INDETERMINATE
888,INDETERMINATE
889,INDETERMINATE
890,INDETERMINATE
891,INDETERMINATE
892,INDETERMINATE
893,INDETERMINATE
894,INDETERMINATE
895,INDETERMINATE
896,INDETERMINATE
897,INDETERMINATE
898,INDETERMINATE
899,INDETERMINATE
900,INDETERMINATE
901,INDETERMINATE
902,INDETERMINATE
903,INDETERMINATE
904,INDETERMINATE
905,INDETERMINATE
906,INDETERMINATE
907,INDETERMINATE
908,INDETERMINATE
909,Experimental
910,Experimental
911,INDETERMINATE
912,INDETERMINATE
913,INDETERMINATE
914,INDETERMINATE
915,INDETERMINATE
916,INDETERMINATE
917,INDETERMINATE
918,INDETERMINATE
919,INDETERMINATE
920,INDETERMINATE
921,INDETERMINATE
922,INDETERMINATE
923,Experimental
924,INDETERMINATE
925,INDETERMINATE
926,INDETERMINATE
927,Rock
928,Rock
929,Rock
930,INDETERMINATE
931,INDETERMINATE
932,INDETERMINATE
933,INDETERMINATE
934,Rock
935,Rock
936,INDETERMINATE
937,INDETERMINATE
938,INDETERMINATE
939,INDETERMINATE
940,INDETERMINATE
941,INDETERMINATE
942,INDETERMINATE
943,INDETERMINATE
944,Rock
945,INDETERMINATE
946,INDETERMINATE
947,INDETERMINATE
948,INDETERMINATE
949,INDETERMINATE
950,INDETERMINATE
951,Rock
952,INDETERMINATE
953,INDETERMINATE
954,INDETERMINATE
955,INDETERMINATE
956,Electronic
957,INDETERMINATE
958,INDETERMINATE
959,INDETERMINATE
960,Rock
961,INDETERMINATE
962,INDETERMINATE
963,INDETERMINATE
964,INDETERMINATE
965,Rock
966,INDETERMINATE
967,INDETERMINATE
968,INDETERMINATE
969,INDETERMINATE
970,INDETERMINATE
971,INDETERMINATE
972,INDETERMINATE
973,INDETERMINATE
974,INDETERMINATE
975,INDETERMINATE
976,INDETERMINATE
977,INDETERMINATE
978,INDETERMINATE
979,INDETERMINATE
980,INDETERMINATE
981,INDETERMINATE
982,INDETERMINATE
983,INDETERMINATE
984,INDETERMINATE
985,INDETERMINATE
986,INDETERMINATE
987,INDETERMINATE
988,INDETERMINATE
989,INDETERMINATE
990,INDETERMINATE
991,INDETERMINATE
992,INDETERMINATE
993,INDETERMINATE
994,INDETERMINATE
995,INDETERMINATE
996,INDETERMINATE
997,Electronic
998,INDETERMINATE
999,Rock
1000,INDETERMINATE
1001,INDETERMINATE
1002,INDETERMINATE
1003,INDETERMINATE
1004,INDETERMINATE
1005,INDETERMINATE
1006,INDETERMINATE
1007,INDETERMINATE
1008,INDETERMINATE
1009,INDETERMINATE
1010,INDETERMINATE
1011,INDETERMINATE
1012,INDETERMINATE
1013,INDETERMINATE
1014,INDETERMINATE
1015,INDETERMINATE
1016,INDETERMINATE
1017,INDETERMINATE
1018,INDETERMINATE
1019,INDETERMINATE
1020,INDETERMINATE
1021,Rock
1022,Electronic
1023,INDETERMINATE
1024,INDETERMINATE
1025,INDETERMINATE
1026,Rock
1027,INDETERMINATE
1028,INDETERMINATE
1029,INDETERMINATE
1030,INDETERMINATE
1031,Rock
1032,Rock
1033,Rock
1034,INDETERMINATE
1035,Rock
1036,Rock
1037,INDETERMINATE
1038,INDETERMINATE
1039,INDETERMINATE
1040,INDETERMINATE
1041,Electronic
1042,Electronic
1043,Electronic
1044,Rock
1045,Rock
1046,INDETERMINATE
1047,INDETERMINATE
1048,INDETERMINATE
1049,INDETERMINATE
1050,INDETERMINATE
1051,Rock
1052,Rock
1053,INDETERMINATE
1054,INDETERMINATE
1055,INDETERMINATE
1056,Rock
1057,INDETERMINATE
1058,Rock
1059,INDETERMINATE
1060,INDETERMINATE
1061,INDETERMINATE
1062,INDETERMINATE
1063,INDETERMINATE
1064,INDETERMINATE
1065,INDETERMINATE
1066,Rock
1067,INDETERMINATE
1068,INDETERMINATE
1069,INDETERMINATE
1070,INDETERMINATE
1071,INDETERMINATE
1072,INDETERMINATE
1073,INDETERMINATE
1074,Rock
1075,Rock
1076,Rock
1077,Rock
1078,INDETERMINATE
1079,INDETERMINATE
1080,INDETERMINATE
1081,INDETERMINATE
1082,INDETERMINATE
1083,INDETERMINATE
1084,INDETERMINATE
1085,INDETERMINATE
1086,INDETERMINATE
1087,Electronic
1088,Electronic
1089,INDETERMINATE
1090,INDETERMINATE
1091,INDETERMINATE
1092,INDETERMINATE
1093,INDETERMINATE
1094,INDETERMINATE
1095,INDETERMINATE
1096,Rock
1097,Rock
1098,Electronic
1099,INDETERMINATE
1100,Electronic
1101,INDETERMINATE
1102,Rock
1103,INDETERMINATE
1104,INDETERMINATE
1105,INDETERMINATE
1106,INDETERMINATE
1107,INDETERMINATE
1108,INDETERMINATE
1109,INDETERMINATE
1110,INDETERMINATE
1111,INDETERMINATE
1112,INDETERMINATE
1113,Rock
1114,Rock
1115,Rock
1116,Rock
1117,Rock
1118,INDETERMINATE
1119,Rock
1120,INDETERMINATE
1121,INDETERMINATE
1122,Rock
1123,Rock
1124,INDETERMINATE
1125,Electronic
1126,INDETERMINATE
1127,INDETERMINATE
1128,INDETERMINATE
1129,INDETERMINATE
1130,INDETERMINATE
1131,Rock
1132,INDETERMINATE
1133,INDETERMINATE
1134,INDETERMINATE
1135,INDETERMINATE
1136,INDETERMINATE
1137,INDETERMINATE
1138,INDETERMINATE
1139,INDETERMINATE
1140,INDETERMINATE
1141,INDETERMINATE
1142,INDETERMINATE
1143,INDETERMINATE
1144,Experimental
1145,INDETERMINATE
1146,INDETERMINATE
1147,INDETERMINATE
1148,INDETERMINATE
1149,INDETERMINATE
1150,INDETERMINATE
1151,Electronic
1152,INDETERMINATE
1153,INDETERMINATE
1154,INDETERMINATE
1155,Electronic
1156,INDETERMINATE
1157,INDETERMINATE
1158,INDETERMINATE
1159,Rock
1160,Rock
1161,INDETERMINATE
1162,INDETERMINATE
1163,INDETERMINATE
1164,Rock
1165,INDETERMINATE
1166,INDETERMINATE
1167,INDETERMINATE
1168,INDETERMINATE
1169,INDETERMINATE
1170,INDETERMINATE
1171,INDETERMINATE
1172,INDETERMINATE
1173,Rock
1174,INDETERMINATE
1175,INDETERMINATE
1176,INDETERMINATE
1177,INDETERMINATE
1178,Rock
1179,Rock
1180,Rock
1181,INDETERMINATE
1182,INDETERMINATE
1183,Rock
1184,Rock
1185,INDETERMINATE
1186,INDETERMINATE
1187,Rock
1188,INDETERMINATE
1189,Rock
1190,Electronic
1191,Electronic
1192,Rock
1193,INDETERMINATE
1194,INDETERMINATE
1195,Rock
1196,Rock
1197,INDETERMINATE
1198,INDETERMINATE
1199,INDETERMINATE
1200,INDETERMINATE
1201,INDETERMINATE
1202,INDETERMINATE
1203,INDETERMINATE
1204,INDETERMINATE
1205,Rock
1206,Rock
1207,INDETERMINATE
1208,INDETERMINATE
1209,INDETERMINATE
1210,Rock
1211,INDETERMINATE
1212,INDETERMINATE
1213,INDETERMINATE
1214,INDETERMINATE
1215,INDETERMINATE
1216,INDETERMINATE
1217,INDETERMINATE
1218,INDETERMINATE
1219,INDETERMINATE
1220,INDETERMINATE
1221,INDETERMINATE
1222,INDETERMINATE
1223,INDETERMINATE
1224,INDETERMINATE
1225,INDETERMINATE
1226,Rock
1227,INDETERMINATE
1228,INDETERMINATE
1229,INDETERMINATE
1230,INDETERMINATE
1231,INDETERMINATE
1232,INDETERMINATE
1233,INDETERMINATE
1234,INDETERMINATE
1235,INDETERMINATE
1236,INDETERMINATE
1237,INDETERMINATE
1238,INDETERMINATE
1239,INDETERMINATE
1240,INDETERMINATE
1241,Rock
1242,Rock
1243,Rock
1244,INDETERMINATE
1245,INDETERMINATE
1246,INDETERMINATE
1247,Rock
1248,INDETERMINATE
1249,INDETERMINATE
1250,INDETERMINATE
1251,INDETERMINATE
1252,INDETERMINATE
1253,INDETERMINATE
1254,INDETERMINATE
1255,INDETERMINATE
1256,INDETERMINATE
1257,INDETERMINATE
1258,INDETERMINATE
1259,INDETERMINATE
1260,INDETERMINATE
1261,INDETERMINATE
1262,INDETERMINATE
1263,INDETERMINATE
1264,INDETERMINATE
1265,INDETERMINATE
1266,INDETERMINATE
1267,INDETERMINATE
1268,INDETERMINATE
1269,INDETERMINATE
1270,INDETERMINATE
1271,INDETERMINATE
1272,INDETERMINATE
1273,INDETERMINATE
1274,INDETERMINATE
1275,INDETERMINATE
1276,INDETERMINATE
1277,INDETERMINATE
1278,INDETERMINATE
1279,INDETERMINATE
1280,INDETERMINATE
1281,INDETERMINATE
1282,INDETERMINATE
1283,INDETERMINATE
1284,Electronic
1285,INDETERMINATE
1286,INDETERMINATE
1287,INDETERMINATE
1288,INDETERMINATE
1289,INDETERMINATE
1290,Rock
1291,INDETERMINATE
1292,INDETERMINATE
1293,INDETERMINATE
1294,Rock
1295,INDETERMINATE
1296,INDETERMINATE
1297,INDETERMINATE
1298,INDETERMINATE
1299,INDETERMINATE
1300,INDETERMINATE
1301,INDETERMINATE
1302,INDETERMINATE
1303,INDETERMINATE
1304,INDETERMINATE
1305,INDETERMINATE
1306,INDETERMINATE
1307,INDETERMINATE
1308,INDETERMINATE
1309,INDETERMINATE
1310,INDETERMINATE
1311,INDETERMINATE
1312,INDETERMINATE
1313,Rock
1314,INDETERMINATE
1315,INDETERMINATE
1316,INDETERMINATE
1317,INDETERMINATE
1318,INDETERMINATE
1319,INDETERMINATE
1320,INDETERMINATE
1321,INDETERMINATE
1322,Rock
1323,INDETERMINATE
1324,INDETERMINATE
1325,INDETERMINATE
1326,INDETERMINATE
1327,INDETERMINATE
1328,INDETERMINATE
1329,Rock
1330,INDETERMINATE
1331,INDETERMINATE
1332,INDETERMINATE
1333,INDETERMINATE
1334,INDETERMINATE
1335,INDETERMINATE
1336,INDETERMINATE
1337,Rock
1338,Rock
1339,Rock
1340,Rock
1341,INDETERMINATE
1342,INDETERMINATE
1343,INDETERMINATE
1344,INDETERMINATE
1345,INDETERMINATE
1346,INDETERMINATE
1347,INDETERMINATE
1348,INDETERMINATE
1349,INDETERMINATE
1350,INDETERMINATE
1351,INDETERMINATE
1352,INDETERMINATE
1353,INDETERMINATE
1354,INDETERMINATE
1355,INDETERMINATE
1356,INDETERMINATE
1357,INDETERMINATE
1358,Electronic
1359,Electronic
1360,Rock
1361,INDETERMINATE
1362,Rock
1363,INDETERMINATE
1364,Rock
1365,INDETERMINATE
1366,Rock
1367,INDETERMINATE
1368,INDETERMINATE
1369,INDETERMINATE
1370,INDETERMINATE
1371,INDETERMINATE
1372,INDETERMINATE
1373,INDETERMINATE
1374,INDETERMINATE
1375,INDETERMINATE
1376,INDETERMINATE
1377,Experimental
1378,INDETERMINATE
1379,INDETERMINATE
1380,INDETERMINATE
1381,INDETERMINATE
1382,Rock
1383,INDETERMINATE
1384,INDETERMINATE
1385,INDETERMINATE
1386,INDETERMINATE
1387,Experimental
1388,INDETERMINATE
1389,INDETERMINATE
1390,INDETERMINATE
1391,INDETERMINATE
1392,INDETERMINATE
1393,INDETERMINATE
1394,INDETERMINATE
1395,INDETERMINATE
1396,INDETERMINATE
1397,INDETERMINATE
1398,INDETERMINATE
1399,Rock
1400,INDETERMINATE
1401,INDETERMINATE
1402,INDETERMINATE
1403,INDETERMINATE
1404,INDETERMINATE
1405,INDETERMINATE
1406,INDETERMINATE
1407,INDETERMINATE
1408,INDETERMINATE
1409,INDETERMINATE
1410,INDETERMINATE
1411,INDETERMINATE
1412,INDETERMINATE
1413,INDETERMINATE
1414,INDETERMINATE
1415,INDETERMINATE
1416,INDETERMINATE
1417,INDETERMINATE
1418,INDETERMINATE
1419,INDETERMINATE
1420,INDETERMINATE
1421,INDETERMINATE
1422,INDETERMINATE
1423,INDETERMINATE
1424,INDETERMINATE
1425,INDETERMINATE
1426,INDETERMINATE
1427,INDETERMINATE
1428,INDETERMINATE
1429,INDETERMINATE
1430,Rock
1431,Rock
1432,Electronic
1433,INDETERMINATE
1434,INDETERMINATE
1435,INDETERMINATE
1436,INDETERMINATE
1437,INDETERMINATE
1438,Rock
1439,Rock
1440,Rock
1441,Rock
1442,Rock
1443,Rock
1444,Rock
1445,Rock
1446,Rock
1447,INDETERMINATE
1448,Rock
1449,Rock
1450,Rock
1451,Rock
1452,Rock
1453,Rock
1454,Rock
1455,Rock
1456,Rock
1457,Rock
1458,Rock
1459,Rock
1460,Rock
1461,INDETERMINATE
1462,Rock
1463,Rock
1464,INDETERMINATE
1465,Rock
1466,INDETERMINATE
1467,INDETERMINATE
1468,INDETERMINATE
1469,INDETERMINATE
1470,INDETERMINATE
1471,Rock
1472,INDETERMINATE
1473,Rock
1474,INDETERMINATE
1475,INDETERMINATE
1476,Rock
1477,Rock
1478,Rock
1479,INDETERMINATE
1480,INDETERMINATE
1481,INDETERMINATE
1482,INDETERMINATE
1483,INDETERMINATE
1484,Rock
1485,Rock
1486,Experimental
1487,Rock
1488,INDETERMINATE
1489,INDETERMINATE
1490,INDETERMINATE
1491,Rock
1492,INDETERMINATE
1493,INDETERMINATE
1494,INDETERMINATE
1495,INDETERMINATE
1496,INDETERMINATE
1497,INDETERMINATE
1498,Rock
1499,INDETERMINATE
1500,INDETERMINATE
1501,INDETERMINATE
1502,INDETERMINATE
1503,INDETERMINATE
1504,Rock
1505,INDETERMINATE
1506,INDETERMINATE
1507,INDETERMINATE
1508,INDETERMINATE
1509,INDETERMINATE
1510,INDETERMINATE
1511,INDETERMINATE
1512,INDETERMINATE
1513,INDETERMINATE
1514,INDETERMINATE
1515,Rock
1516,INDETERMINATE
1517,INDETERMINATE
1518,INDETERMINATE
1519,INDETERMINATE
1520,INDETERMINATE
1521,INDETERMINATE
1522,INDETERMINATE
1523,Rock
1524,INDETERMINATE
1525,INDETERMINATE
1526,INDETERMINATE
1527,INDETERMINATE
1528,INDETERMINATE
1529,INDETERMINATE
1530,INDETERMINATE
1531,INDETERMINATE
1532,INDETERMINATE
1533,INDETERMINATE
1534,INDETERMINATE
1535,INDETERMINATE
1536,INDETERMINATE
1537,INDETERMINATE
1538,INDETERMINATE
1539,INDETERMINATE
1540,Rock
1541,INDETERMINATE
1542,INDETERMINATE
1543,INDETERMINATE
1544,INDETERMINATE
1545,Rock
1546,Experimental
1547,INDETERMINATE
1548,Rock
1549,INDETERMINATE
1550,INDETERMINATE
1551,INDETERMINATE
1552,Experimental
1553,INDETERMINATE
1554,INDETERMINATE
1555,INDETERMINATE
1556,INDETERMINATE
1557,INDETERMINATE
1558,INDETERMINATE
1559,INDETERMINATE
1560,INDETERMINATE
1561,INDETERMINATE
1562,INDETERMINATE
1563,INDETERMINATE
1564,INDETERMINATE
1565,INDETERMINATE
1566,Rock
1567,INDETERMINATE
1568,INDETERMINATE
1569,INDETERMINATE
1570,INDETERMINATE
1571,INDETERMINATE
1572,INDETERMINATE
1573,Rock
1574,INDETERMINATE
1575,INDETERMINATE
1576,INDETERMINATE
1577,INDETERMINATE
1578,INDETERMINATE
1579,INDETERMINATE
1580,INDETERMINATE
1581,Rock
1582,Rock
1583,Rock
1584,Rock
1585,INDETERMINATE
1586,INDETERMINATE
1587,INDETERMINATE
1588,INDETERMINATE
1589,INDETERMINATE
1590,INDETERMINATE
1591,INDETERMINATE
1592,INDETERMINATE
1593,INDETERMINATE
1594,INDETERMINATE
1595,INDETERMINATE
1596,Rock
1597,INDETERMINATE
1598,INDETERMINATE
1599,INDETERMINATE
1600,INDETERMINATE
1601,INDETERMINATE
1602,INDETERMINATE
1603,INDETERMINATE
1604,INDETERMINATE
1605,INDETERMINATE
1606,INDETERMINATE
1607,INDETERMINATE
1608,Rock
1609,INDETERMINATE
1610,INDETERMINATE
1611,INDETERMINATE
1612,INDETERMINATE
1613,INDETERMINATE
1614,INDETERMINATE
1615,INDETERMINATE
1616,INDETERMINATE
1617,INDETERMINATE
1618,INDETERMINATE
1619,INDETERMINATE
1620,INDETERMINATE
1621,INDETERMINATE
1622,INDETERMINATE
1623,INDETERMINATE
1624,INDETERMINATE
1625,INDETERMINATE
1626,INDETERMINATE
1627,INDETERMINATE
1628,INDETERMINATE
1629,INDETERMINATE
1630,INDETERMINATE
1631,INDETERMINATE
1632,INDETERMINATE
1633,INDETERMINATE
1634,INDETERMINATE
1635,INDETERMINATE
1636,INDETERMINATE
1637,Rock
1638,INDETERMINATE
1639,INDETERMINATE
1640,Rock
1641,INDETERMINATE
1642,Experimental
1643,INDETERMINATE
1644,INDETERMINATE
1645,INDETERMINATE
1646,INDETERMINATE
1647,Rock
1648,INDETERMINATE
1649,INDETERMINATE
1650,Rock
1651,Rock
1652,INDETERMINATE
1653,Rock
1654,INDETERMINATE
1655,INDETERMINATE
1656,Rock
1657,INDETERMINATE
1658,INDETERMINATE
1659,INDETERMINATE
1660,INDETERMINATE
1661,INDETERMINATE
1662,INDETERMINATE
1663,INDETERMINATE
1664,Rock
1665,INDETERMINATE
1666,INDETERMINATE
1667,INDETERMINATE
1668,INDETERMINATE
1669,INDETERMINATE
1670,INDETERMINATE
1671,INDETERMINATE
1672,INDETERMINATE
1673,INDETERMINATE
1674,INDETERMINATE
1675,INDETERMINATE
1676,INDETERMINATE
1677,INDETERMINATE
1678,INDETERMINATE
1679,INDETERMINATE
1680,INDETERMINATE
1681,INDETERMINATE
1682,INDETERMINATE
1683,INDETERMINATE
1684,INDETERMINATE
1685,Rock
1686,INDETERMINATE
1687,INDETERMINATE
1688,INDETERMINATE
1689,INDETERMINATE
1690,INDETERMINATE
1691,INDETERMINATE
1692,INDETERMINATE
1693,Rock
1694,INDETERMINATE
1695,INDETERMINATE
1696,INDETERMINATE
1697,INDETERMINATE
1698,INDETERMINATE
1699,Rock
1700,INDETERMINATE
1701,Rock
1702,INDETERMINATE
1703,INDETERMINATE
1704,INDETERMINATE
1705,Rock
1706,Rock
1707,INDETERMINATE
1708,INDETERMINATE
1709,INDETERMINATE
1710,INDETERMINATE
1711,INDETERMINATE
1712,INDETERMINATE
1713,INDETERMINATE
1714,INDETERMINATE
1715,INDETERMINATE
1716,INDETERMINATE
1717,INDETERMINATE
1718,INDETERMINATE
1719,INDETERMINATE
1720,INDETERMINATE
1721,INDETERMINATE
1722,INDETERMINATE
1723,INDETERMINATE
1724,Electronic
1725,INDETERMINATE
1726,Rock
1727,INDETERMINATE
1728,Rock
1729,INDETERMINATE
1730,INDETERMINATE
1731,INDETERMINATE
1732,INDETERMINATE
1733,INDETERMINATE
1734,INDETERMINATE
1735,INDETERMINATE
1736,INDETERMINATE
1737,Rock
1738,INDETERMINATE
1739,Rock
1740,Rock
1741,Electronic
1742,INDETERMINATE
1743,INDETERMINATE
1744,INDETERMINATE
1745,Experimental
1746,INDETERMINATE
1747,INDETERMINATE
1748,Rock
1749,INDETERMINATE
1750,INDETERMINATE
1751,INDETERMINATE
1752,INDETERMINATE
1753,INDETERMINATE
1754,Rock
1755,INDETERMINATE
1756,INDETERMINATE
1757,INDETERMINATE
1758,INDETERMINATE
1759,INDETERMINATE
1760,INDETERMINATE
1761,INDETERMINATE
1762,INDETERMINATE
1763,INDETERMINATE
1764,Rock
1765,INDETERMINATE
1766,Rock
1767,INDETERMINATE
1768,INDETERMINATE
1769,INDETERMINATE
1770,INDETERMINATE
1771,INDETERMINATE
1772,INDETERMINATE
1773,INDETERMINATE
1774,Electronic
1775,INDETERMINATE
1776,INDETERMINATE
1777,INDETERMINATE
1778,INDETERMINATE
1779,INDETERMINATE
1780,INDETERMINATE
1781,INDETERMINATE
1782,INDETERMINATE
1783,INDETERMINATE
1784,INDETERMINATE
1785,INDETERMINATE
1786,INDETERMINATE
1787,INDETERMINATE
1788,INDETERMINATE
1789,INDETERMINATE
1790,Rock
1791,INDETERMINATE
1792,INDETERMINATE
1793,INDETERMINATE
1794,INDETERMINATE
1795,INDETERMINATE
1796,INDETERMINATE
1797,INDETERMINATE
1798,INDETERMINATE
1799,INDETERMINATE
1800,INDETERMINATE
1801,INDETERMINATE
1802,INDETERMINATE
1803,INDETERMINATE
1804,INDETERMINATE
1805,INDETERMINATE
1806,Rock
1807,Rock
1808,INDETERMINATE
1809,INDETERMINATE
1810,INDETERMINATE
1811,INDETERMINATE
1812,INDETERMINATE
1813,INDETERMINATE
1814,INDETERMINATE
1815,Rock
1816,INDETERMINATE
1817,INDETERMINATE
1818,INDETERMINATE
1819,INDETERMINATE
1820,INDETERMINATE
1821,INDETERMINATE
1822,Rock
1823,INDETERMINATE
1824,INDETERMINATE
1825,INDETERMINATE
1826,Experimental
1827,INDETERMINATE
1828,INDETERMINATE
1829,INDETERMINATE
1830,INDETERMINATE
1831,INDETERMINATE
1832,INDETERMINATE
1833,INDETERMINATE
1834,INDETERMINATE
1835,INDETERMINATE
1836,Rock
1837,Rock
1838,Electronic
1839,INDETERMINATE
1840,INDETERMINATE
1841,INDETERMINATE
1842,Rock
1843,INDETERMINATE
1844,INDETERMINATE
1845,Rock
1846,INDETERMINATE
1847,INDETERMINATE
1848,Rock
1849,INDETERMINATE
1850,INDETERMINATE
1851,INDETERMINATE
1852,INDETERMINATE
1853,INDETERMINATE
1854,INDETERMINATE
1855,INDETERMINATE
1856,INDETERMINATE
1857,INDETERMINATE
1858,INDETERMINATE
1859,INDETERMINATE
1860,INDETERMINATE
1861,Electronic
1862,Rock
1863,Rock
1864,INDETERMINATE
1865,Rock
1866,INDETERMINATE
1867,INDETERMINATE
1868,INDETERMINATE
1869,INDETERMINATE
1870,INDETERMINATE
1871,INDETERMINATE
1872,INDETERMINATE
1873,INDETERMINATE
1874,INDETERMINATE
1875,INDETERMINATE
1876,INDETERMINATE
1877,INDETERMINATE
1878,INDETERMINATE
1879,Rock
1880,INDETERMINATE
1881,INDETERMINATE
1882,INDETERMINATE
1883,INDETERMINATE
1884,INDETERMINATE
1885,INDETERMINATE
1886,INDETERMINATE
1887,Rock
1888,INDETERMINATE
1889,Rock
1890,INDETERMINATE
1891,INDETERMINATE
1892,Rock
1893,INDETERMINATE
1894,Rock
1895,Rock
1896,INDETERMINATE
1897,INDETERMINATE
1898,Rock
1899,INDETERMINATE
1900,INDETERMINATE
1901,INDETERMINATE
1902,INDETERMINATE
1903,INDETERMINATE
1904,INDETERMINATE
1905,INDETERMINATE
1906,INDETERMINATE
1907,INDETERMINATE
1908,INDETERMINATE
1909,INDETERMINATE
1910,Rock
1911,INDETERMINATE
1912,Electronic
1913,INDETERMINATE
1914,INDETERMINATE
1915,INDETERMINATE
1916,INDETERMINATE
1917,INDETERMINATE
1918,INDETERMINATE
1919,INDETERMINATE
1920,INDETERMINATE
1921,INDETERMINATE
1922,INDETERMINATE
1923,INDETERMINATE
1924,INDETERMINATE
1925,Rock
1926,INDETERMINATE
1927,INDETERMINATE
1928,INDETERMINATE
1929,INDETERMINATE
1930,INDETERMINATE
1931,INDETERMINATE
1932,INDETERMINATE
1933,INDETERMINATE
1934,INDETERMINATE
1935,INDETERMINATE
1936,Rock
1937,Rock
1938,INDETERMINATE
1939,INDETERMINATE
1940,INDETERMINATE
1941,INDETERMINATE
1942,INDETERMINATE
1943,INDETERMINATE
1944,INDETERMINATE
1945,INDETERMINATE
1946,INDETERMINATE
1947,Rock
1948,INDETERMINATE
1949,INDETERMINATE
1950,INDETERMINATE
1951,INDETERMINATE
1952,INDETERMINATE
1953,INDETERMINATE
1954,INDETERMINATE
1955,INDETERMINATE
1956,INDETERMINATE
1957,INDETERMINATE
1958,INDETERMINATE
1959,INDETERMINATE
1960,INDETERMINATE
1961,INDETERMINATE
1962,INDETERMINATE
1963,INDETERMINATE
1964,INDETERMINATE
1965,INDETERMINATE
1966,Rock
1967,INDETERMINATE
1968,INDETERMINATE
1969,INDETERMINATE
1970,INDETERMINATE
1971,Rock
1972,INDETERMINATE
1973,INDETERMINATE
1974,INDETERMINATE
1975,INDETERMINATE
1976,INDETERMINATE
1977,INDETERMINATE
1978,Rock
1979,INDETERMINATE
1980,INDETERMINATE
1981,INDETERMINATE
1982,INDETERMINATE
1983,INDETERMINATE
1984,INDETERMINATE
1985,Rock
1986,Rock
1987,Rock
1988,Rock
1989,INDETERMINATE
1990,INDETERMINATE
1991,INDETERMINATE
1992,INDETERMINATE
1993,INDETERMINATE
1994,INDETERMINATE
1995,INDETERMINATE
1996,Rock
1997,INDETERMINATE
1998,INDETERMINATE
1999,INDETERMINATE
2000,INDETERMINATE
2001,INDETERMINATE
2002,INDETERMINATE
2003,INDETERMINATE
2004,INDETERMINATE
2005,Experimental
2006,INDETERMINATE
2007,INDETERMINATE
2008,INDETERMINATE
2009,INDETERMINATE
2010,INDETERMINATE
2011,Rock
2012,INDETERMINATE
2013,INDETERMINATE
2014,INDETERMINATE
2015,INDETERMINATE
2016,INDETERMINATE
2017,INDETERMINATE
2018,INDETERMINATE
2019,INDETERMINATE
2020,INDETERMINATE
2021,INDETERMINATE
2022,INDETERMINATE
2023,INDETERMINATE
2024,INDETERMINATE
2025,INDETERMINATE
2026,INDETERMINATE
2027,INDETERMINATE
2028,INDETERMINATE
2029,INDETERMINATE
2030,Experimental
2031,INDETERMINATE
2032,INDETERMINATE
2033,INDETERMINATE
2034,INDETERMINATE
2035,INDETERMINATE
2036,INDETERMINATE
2037,INDETERMINATE
2038,INDETERMINATE
2039,INDETERMINATE
2040,INDETERMINATE
2041,INDETERMINATE
2042,INDETERMINATE
2043,INDETERMINATE
2044,INDETERMINATE
2045,INDETERMINATE
2046,INDETERMINATE
2047,INDETERMINATE
2048,INDETERMINATE
2049,INDETERMINATE
2050,INDETERMINATE
2051,INDETERMINATE
2052,INDETERMINATE
2053,INDETERMINATE
2054,INDETERMINATE
2055,INDETERMINATE
2056,INDETERMINATE
2057,INDETERMINATE
2058,INDETERMINATE
2059,INDETERMINATE
2060,INDETERMINATE
2061,INDETERMINATE
2062,INDETERMINATE
2063,INDETERMINATE
2064,INDETERMINATE
2065,INDETERMINATE
2066,INDETERMINATE
2067,INDETERMINATE
2068,Rock
2069,INDETERMINATE
2070,INDETERMINATE
2071,Rock
2072,INDETERMINATE
2073,INDETERMINATE
2074,INDETERMINATE
2075,INDETERMINATE
2076,INDETERMINATE
2077,INDETERMINATE
2078,INDETERMINATE
2079,INDETERMINATE
2080,INDETERMINATE
2081,INDETERMINATE
2082,INDETERMINATE
2083,INDETERMINATE
2084,INDETERMINATE
2085,INDETERMINATE
2086,INDETERMINATE
2087,INDETERMINATE
2088,INDETERMINATE
2089,INDETERMINATE
2090,INDETERMINATE
2091,INDETERMINATE
2092,INDETERMINATE
2093,INDETERMINATE
2094,INDETERMINATE
2095,INDETERMINATE
2096,INDETERMINATE
2097,INDETERMINATE
2098,INDETERMINATE
2099,INDETERMINATE
2100,INDETERMINATE
2101,INDETERMINATE
2102,INDETERMINATE
2103,INDETERMINATE
2104,Rock
2105,INDETERMINATE
2106,INDETERMINATE
2107,INDETERMINATE
2108,INDETERMINATE
2109,INDETERMINATE
2110,INDETERMINATE
2111,INDETERMINATE
2112,Rock
2113,INDETERMINATE
2114,INDETERMINATE
2115,INDETERMINATE
2116,INDETERMINATE
2117,INDETERMINATE
2118,INDETERMINATE
2119,INDETERMINATE
2120,INDETERMINATE
2121,INDETERMINATE
2122,INDETERMINATE
2123,Rock
2124,INDETERMINATE
2125,Electronic
2126,Rock
2127,INDETERMINATE
2128,Rock
2129,Rock
2130,INDETERMINATE
2131,Electronic
2132,INDETERMINATE
2133,INDETERMINATE
2134,INDETERMINATE
2135,INDETERMINATE
2136,INDETERMINATE
2137,INDETERMINATE
2138,INDETERMINATE
2139,INDETERMINATE
2140,INDETERMINATE
2141,INDETERMINATE
2142,INDETERMINATE
2143,INDETERMINATE
2144,INDETERMINATE
2145,INDETERMINATE
2146,Rock
2147,Rock
2148,INDETERMINATE
2149,INDETERMINATE
2150,Rock
2151,INDETERMINATE
2152,INDETERMINATE
2153,INDETERMINATE
2154,INDETERMINATE
2155,INDETERMINATE
2156,INDETERMINATE
2157,Rock
2158,INDETERMINATE
2159,INDETERMINATE
2160,INDETERMINATE
2161,INDETERMINATE
2162,INDETERMINATE
2163,INDETERMINATE
2164,INDETERMINATE
2165,INDETERMINATE
2166,INDETERMINATE
2167,INDETERMINATE
2168,INDETERMINATE
2169,INDETERMINATE
2170,INDETERMINATE
2171,INDETERMINATE
2172,INDETERMINATE
2173,INDETERMINATE
2174,INDETERMINATE
2175,INDETERMINATE
2176,INDETERMINATE
2177,INDETERMINATE
2178,INDETERMINATE
2179,INDETERMINATE
2180,INDETERMINATE
2181,INDETERMINATE
2182,INDETERMINATE
2183,Experimental
2184,INDETERMINATE
2185,Rock
2186,INDETERMINATE
2187,INDETERMINATE
2188,INDETERMINATE
2189,INDETERMINATE
2190,Rock
2191,INDETERMINATE
2192,INDETERMINATE
2193,INDETERMINATE
2194,INDETERMINATE
2195,Rock
2196,INDETERMINATE
2197,INDETERMINATE
2198,INDETERMINATE
2199,INDETERMINATE
2200,INDETERMINATE
2201,INDETERMINATE
2202,INDETERMINATE
2203,Rock
2204,INDETERMINATE
2205,INDETERMINATE
2206,INDETERMINATE
2207,INDETERMINATE
2208,INDETERMINATE
2209,Rock
2210,INDETERMINATE
2211,INDETERMINATE
2212,Rock
2213,Rock
2214,INDETERMINATE
2215,Rock
2216,INDETERMINATE
2217,Rock
2218,INDETERMINATE
2219,Rock
2220,INDETERMINATE
2221,Rock
2222,INDETERMINATE
2223,INDETERMINATE
2224,INDETERMINATE
2225,INDETERMINATE
2226,INDETERMINATE
2227,INDETERMINATE
2228,INDETERMINATE
2229,Rock
2230,Electronic
2231,Rock
2232,Rock
2233,INDETERMINATE
2234,INDETERMINATE
2235,INDETERMINATE
2236,Rock
2237,INDETERMINATE
2238,INDETERMINATE
2239,INDETERMINATE
2240,Rock
2241,INDETERMINATE
2242,Rock
2243,Rock
2244,INDETERMINATE
2245,INDETERMINATE
2246,INDETERMINATE
2247,INDETERMINATE
2248,Rock
2249,INDETERMINATE
2250,INDETERMINATE
2251,INDETERMINATE
2252,Experimental
2253,INDETERMINATE
2254,INDETERMINATE
2255,INDETERMINATE
2256,INDETERMINATE
2257,INDETERMINATE
2258,INDETERMINATE
2259,Rock
2260,Rock
2261,Rock
2262,Rock
2263,INDETERMINATE
2264,Rock
2265,Rock
2266,Rock
2267,Rock
2268,Rock
2269,INDETERMINATE
2270,INDETERMINATE
2271,INDETERMINATE
2272,INDETERMINATE
2273,Rock
2274,INDETERMINATE
2275,INDETERMINATE
2276,Rock
2277,INDETERMINATE
2278,Rock
2279,Rock
2280,Rock
2281,INDETERMINATE
2282,INDETERMINATE
2283,Rock
2284,Experimental
2285,INDETERMINATE
2286,INDETERMINATE
2287,INDETERMINATE
2288,INDETERMINATE
2289,Rock
2290,INDETERMINATE
2291,Experimental
2292,Experimental
2293,Experimental
2294,Experimental
2295,Experimental
2296,INDETERMINATE
2297,INDETERMINATE
2298,INDETERMINATE
2299,INDETERMINATE
2300,INDETERMINATE
2301,INDETERMINATE
2302,INDETERMINATE
2303,INDETERMINATE
2304,INDETERMINATE
2305,INDETERMINATE
2306,INDETERMINATE
2307,INDETERMINATE
2308,INDETERMINATE
2309,INDETERMINATE
2310,INDETERMINATE
2311,Rock
2312,INDETERMINATE
2313,INDETERMINATE
2314,INDETERMINATE
2315,INDETERMINATE
2316,INDETERMINATE
2317,INDETERMINATE
2318,INDETERMINATE
2319,INDETERMINATE
2320,Rock
2321,INDETERMINATE
2322,INDETERMINATE
2323,INDETERMINATE
2324,Experimental
2325,INDETERMINATE
2326,Electronic
2327,Rock
2328,INDETERMINATE
2329,INDETERMINATE
2330,INDETERMINATE
2331,INDETERMINATE
2332,Rock
2333,Rock
2334,INDETERMINATE
2335,INDETERMINATE
2336,INDETERMINATE
2337,INDETERMINATE
2338,INDETERMINATE
2339,INDETERMINATE
2340,INDETERMINATE
2341,INDETERMINATE
2342,Electronic
2343,Rock
2344,Rock
2345,Electronic
2346,INDETERMINATE
2347,Rock
2348,INDETERMINATE
2349,INDETERMINATE
2350,Rock
2351,INDETERMINATE
2352,Rock
2353,INDETERMINATE
2354,INDETERMINATE
2355,INDETERMINATE
2356,INDETERMINATE
2357,INDETERMINATE
2358,INDETERMINATE
2359,INDETERMINATE
2360,INDETERMINATE
2361,INDETERMINATE
2362,INDETERMINATE
2363,INDETERMINATE
2364,INDETERMINATE
2365,INDETERMINATE
2366,INDETERMINATE
2367,Rock
2368,Rock
2369,INDETERMINATE
2370,INDETERMINATE
2371,INDETERMINATE
2372,INDETERMINATE
2373,INDETERMINATE
2374,INDETERMINATE
2375,INDETERMINATE
2376,INDETERMINATE
2377,Rock
2378,INDETERMINATE
2379,INDETERMINATE
2380,INDETERMINATE
2381,INDETERMINATE
2382,INDETERMINATE
2383,INDETERMINATE
2384,INDETERMINATE
2385,Electronic
2386,INDETERMINATE
2387,INDETERMINATE
2388,INDETERMINATE
2389,INDETERMINATE
2390,INDETERMINATE
2391,INDETERMINATE
2392,INDETERMINATE
2393,INDETERMINATE
2394,Rock
2395,INDETERMINATE
2396,INDETERMINATE
2397,INDETERMINATE
2398,INDETERMINATE
2399,INDETERMINATE
2400,Experimental
2401,INDETERMINATE
2402,INDETERMINATE
2403,INDETERMINATE
2404,INDETERMINATE
2405,INDETERMINATE
2406,INDETERMINATE
2407,INDETERMINATE
2408,INDETERMINATE
2409,INDETERMINATE
2410,INDETERMINATE
2411,INDETERMINATE
2412,INDETERMINATE
2413,INDETERMINATE
2414,INDETERMINATE
2415,INDETERMINATE
2416,INDETERMINATE
2417,INDETERMINATE
2418,INDETERMINATE
2419,INDETERMINATE
2420,INDETERMINATE
2421,INDETERMINATE
2422,INDETERMINATE
2423,INDETERMINATE
2424,INDETERMINATE
2425,INDETERMINATE
2426,INDETERMINATE
2427,INDETERMINATE
2428,INDETERMINATE
2429,INDETERMINATE
2430,INDETERMINATE
2431,INDETERMINATE
2432,INDETERMINATE
2433,INDETERMINATE
2434,INDETERMINATE
2435,INDETERMINATE
2436,INDETERMINATE
2437,Rock
2438,Rock
2439,Rock
2440,Rock
2441,INDETERMINATE
2442,INDETERMINATE
2443,INDETERMINATE
2444,INDETERMINATE
2445,INDETERMINATE
2446,INDETERMINATE
2447,INDETERMINATE
2448,INDETERMINATE
2449,Electronic
2450,INDETERMINATE
2451,INDETERMINATE
2452,INDETERMINATE
2453,INDETERMINATE
2454,INDETERMINATE
2455,INDETERMINATE
2456,INDETERMINATE
2457,INDETERMINATE
2458,INDETERMINATE
2459,INDETERMINATE
2460,INDETERMINATE
2461,INDETERMINATE
2462,Rock
2463,Rock
2464,INDETERMINATE
2465,INDETERMINATE
2466,INDETERMINATE
2467,INDETERMINATE
2468,INDETERMINATE
2469,INDETERMINATE
2470,INDETERMINATE
2471,INDETERMINATE
2472,INDETERMINATE
2473,Rock
2474,INDETERMINATE
2475,INDETERMINATE
2476,Rock
2477,Rock
2478,Experimental
2479,INDETERMINATE
2480,Rock
2481,INDETERMINATE
2482,INDETERMINATE
2483,INDETERMINATE
2484,INDETERMINATE
2485,INDETERMINATE
2486,INDETERMINATE
2487,INDETERMINATE
2488,INDETERMINATE
2489,INDETERMINATE
2490,INDETERMINATE
2491,INDETERMINATE
2492,INDETERMINATE
2493,Rock
2494,INDETERMINATE
2495,INDETERMINATE
2496,INDETERMINATE
2497,INDETERMINATE
2498,INDETERMINATE
2499,INDETERMINATE
2500,INDETERMINATE
2501,INDETERMINATE
2502,INDETERMINATE
2503,INDETERMINATE
2504,INDETERMINATE
2505,INDETERMINATE
2506,INDETERMINATE
2507,INDETERMINATE
2508,INDETERMINATE
2509,INDETERMINATE
2510,INDETERMINATE
2511,INDETERMINATE
2512,INDETERMINATE
2513,INDETERMINATE
2514,INDETERMINATE
2515,Rock
2516,INDETERMINATE
2517,INDETERMINATE
2518,INDETERMINATE
2519,INDETERMINATE
2520,INDETERMINATE
2521,INDETERMINATE
2522,INDETERMINATE
2523,Electronic
2524,INDETERMINATE
2525,INDETERMINATE
2526,INDETERMINATE
2527,Electronic
2528,INDETERMINATE
2529,INDETERMINATE
2530,INDETERMINATE
2531,INDETERMINATE
2532,INDETERMINATE
2533,INDETERMINATE
2534,INDETERMINATE
2535,INDETERMINATE
2536,INDETERMINATE
2537,INDETERMINATE
2538,INDETERMINATE
2539,INDETERMINATE
2540,Rock
2541,Rock
2542,INDETERMINATE
2543,INDETERMINATE
2544,INDETERMINATE
2545,Electronic
2546,INDETERMINATE
2547,INDETERMINATE
2548,INDETERMINATE
2549,Rock
2550,INDETERMINATE
2551,INDETERMINATE
2552,INDETERMINATE
2553,INDETERMINATE
2554,INDETERMINATE
2555,INDETERMINATE
2556,INDETERMINATE
2557,INDETERMINATE
2558,INDETERMINATE
2559,INDETERMINATE
2560,INDETERMINATE
2561,INDETERMINATE
2562,INDETERMINATE
2563,INDETERMINATE
2564,Rock
2565,INDETERMINATE
2566,INDETERMINATE
2567,INDETERMINATE
2568,INDETERMINATE
2569,INDETERMINATE
2570,INDETERMINATE
2571,INDETERMINATE
2572,INDETERMINATE
2573,INDETERMINATE
2574,INDETERMINATE
2575,INDETERMINATE
2576,INDETERMINATE
2577,INDETERMINATE
2578,INDETERMINATE
2579,Rock
2580,Rock
2581,INDETERMINATE
2582,INDETERMINATE
2583,INDETERMINATE
2584,INDETERMINATE
2585,Rock
2586,INDETERMINATE
2587,Experimental
2588,INDETERMINATE
2589,Experimental
2590,Rock
2591,INDETERMINATE
2592,INDETERMINATE
2593,INDETERMINATE
2594,INDETERMINATE
2595,INDETERMINATE
2596,INDETERMINATE
2597,INDETERMINATE
2598,INDETERMINATE
2599,INDETERMINATE
2600,INDETERMINATE
2601,INDETERMINATE
2602,INDETERMINATE
2603,Rock
2604,INDETERMINATE
2605,INDETERMINATE
2606,INDETERMINATE
2607,Rock
2608,INDETERMINATE
2609,INDETERMINATE
2610,INDETERMINATE
2611,INDETERMINATE
2612,INDETERMINATE
2613,INDETERMINATE
2614,INDETERMINATE
2615,INDETERMINATE
2616,INDETERMINATE
2617,INDETERMINATE
2618,INDETERMINATE
2619,INDETERMINATE
2620,INDETERMINATE
2621,INDETERMINATE
2622,INDETERMINATE
2623,Rock
2624,INDETERMINATE
2625,INDETERMINATE
2626,INDETERMINATE
2627,INDETERMINATE
2628,INDETERMINATE
2629,Rock
2630,INDETERMINATE
2631,INDETERMINATE
2632,INDETERMINATE
2633,INDETERMINATE
2634,INDETERMINATE
2635,Rock
2636,INDETERMINATE
2637,INDETERMINATE
2638,INDETERMINATE
2639,INDETERMINATE
2640,INDETERMINATE
2641,INDETERMINATE
2642,INDETERMINATE
2643,INDETERMINATE
2644,INDETERMINATE
2645,INDETERMINATE
2646,INDETERMINATE
2647,INDETERMINATE
2648,INDETERMINATE
2649,INDETERMINATE
2650,INDETERMINATE
2651,INDETERMINATE
2652,Experimental
2653,INDETERMINATE
2654,INDETERMINATE
2655,INDETERMINATE
2656,INDETERMINATE
2657,INDETERMINATE
2658,INDETERMINATE
2659,INDETERMINATE
2660,INDETERMINATE
2661,INDETERMINATE
2662,Electronic
2663,INDETERMINATE
2664,INDETERMINATE
2665,INDETERMINATE
2666,INDETERMINATE
2667,INDETERMINATE
2668,INDETERMINATE
2669,INDETERMINATE
2670,INDETERMINATE
2671,INDETERMINATE
2672,INDETERMINATE
2673,INDETERMINATE
2674,INDETERMINATE
2675,INDETERMINATE
2676,INDETERMINATE
2677,INDETERMINATE
2678,Experimental
2679,INDETERMINATE
2680,INDETERMINATE
2681,INDETERMINATE
2682,INDETERMINATE
2683,INDETERMINATE
2684,INDETERMINATE
2685,INDETERMINATE
2686,INDETERMINATE
2687,INDETERMINATE
2688,Experimental
2689,Experimental
2690,INDETERMINATE
2691,INDETERMINATE
2692,INDETERMINATE
2693,INDETERMINATE
2694,INDETERMINATE
2695,Rock
2696,INDETERMINATE
2697,INDETERMINATE
2698,Electronic
2699,Electronic
2700,INDETERMINATE
2701,INDETERMINATE
2702,Electronic
2703,INDETERMINATE
2704,Rock
2705,INDETERMINATE
2706,INDETERMINATE
2707,INDETERMINATE
2708,INDETERMINATE
2709,Experimental
2710,Experimental
2711,INDETERMINATE
2712,INDETERMINATE
2713,INDETERMINATE
2714,Rock
2715,INDETERMINATE
2716,INDETERMINATE
2717,INDETERMINATE
2718,INDETERMINATE
2719,INDETERMINATE
2720,INDETERMINATE
2721,INDETERMINATE
2722,INDETERMINATE
2723,INDETERMINATE
2724,INDETERMINATE
2725,INDETERMINATE
2726,INDETERMINATE
2727,INDETERMINATE
2728,INDETERMINATE
2729,INDETERMINATE
2730,INDETERMINATE
2731,INDETERMINATE
2732,INDETERMINATE
2733,INDETERMINATE
2734,INDETERMINATE
2735,INDETERMINATE
2736,Experimental
2737,INDETERMINATE
2738,INDETERMINATE
2739,INDETERMINATE
2740,INDETERMINATE
2741,INDETERMINATE
2742,INDETERMINATE
2743,Experimental
2744,INDETERMINATE
2745,INDETERMINATE
2746,INDETERMINATE
2747,INDETERMINATE
2748,INDETERMINATE
2749,INDETERMINATE
2750,Experimental
2751,Electronic
2752,INDETERMINATE
2753,Experimental
2754,INDETERMINATE
2755,Experimental
2756,Electronic
2757,INDETERMINATE
2758,INDETERMINATE
2759,INDETERMINATE
2760,Electronic
2761,INDETERMINATE
2762,Rock
2763,Rock
2764,Rock
2765,Experimental
2766,INDETERMINATE
2767,INDETERMINATE
2768,INDETERMINATE
2769,INDETERMINATE
2770,INDETERMINATE
2771,INDETERMINATE
2772,INDETERMINATE
2773,INDETERMINATE
2774,INDETERMINATE
2775,INDETERMINATE
2776,INDETERMINATE
2777,INDETERMINATE
2778,INDETERMINATE
2779,INDETERMINATE
2780,INDETERMINATE
2781,INDETERMINATE
2782,Rock
2783,INDETERMINATE
2784,INDETERMINATE
2785,INDETERMINATE
2786,INDETERMINATE
2787,Rock
2788,INDETERMINATE
2789,INDETERMINATE
2790,INDETERMINATE
2791,INDETERMINATE
2792,INDETERMINATE
2793,INDETERMINATE
2794,INDETERMINATE
2795,INDETERMINATE
2796,INDETERMINATE
2797,Rock
2798,Rock
2799,INDETERMINATE
2800,INDETERMINATE
2801,Rock
2802,INDETERMINATE
2803,INDETERMINATE
2804,Experimental
2805,INDETERMINATE
2806,INDETERMINATE
2807,INDETERMINATE
2808,INDETERMINATE
2809,INDETERMINATE
2810,INDETERMINATE
2811,INDETERMINATE
2812,INDETERMINATE
2813,INDETERMINATE
2814,INDETERMINATE
2815,Experimental
2816,Rock
2817,INDETERMINATE
2818,INDETERMINATE
2819,INDETERMINATE
2820,INDETERMINATE
2821,INDETERMINATE
2822,INDETERMINATE
2823,INDETERMINATE
2824,INDETERMINATE
2825,INDETERMINATE
2826,INDETERMINATE
2827,INDETERMINATE
2828,INDETERMINATE
2829,INDETERMINATE
2830,Rock
2831,INDETERMINATE
2832,Rock
2833,INDETERMINATE
2834,INDETERMINATE
2835,INDETERMINATE
2836,INDETERMINATE
2837,Rock
2838,Rock
2839,INDETERMINATE
2840,Rock
2841,INDETERMINATE
2842,INDETERMINATE
2843,Rock
2844,Rock
2845,Rock
2846,INDETERMINATE
2847,INDETERMINATE
2848,Rock
2849,Rock
2850,INDETERMINATE
2851,INDETERMINATE
2852,INDETERMINATE
2853,INDETERMINATE
2854,INDETERMINATE
2855,INDETERMINATE
2856,INDETERMINATE
2857,INDETERMINATE
2858,INDETERMINATE
2859,INDETERMINATE
2860,INDETERMINATE
2861,INDETERMINATE
2862,INDETERMINATE
2863,INDETERMINATE
2864,INDETERMINATE
2865,INDETERMINATE
2866,INDETERMINATE
2867,INDETERMINATE
2868,INDETERMINATE
2869,Rock
2870,Rock
2871,Rock
2872,Rock
2873,Rock
2874,INDETERMINATE
2875,INDETERMINATE
2876,INDETERMINATE
2877,INDETERMINATE
2878,INDETERMINATE
2879,INDETERMINATE
2880,INDETERMINATE
2881,INDETERMINATE
2882,INDETERMINATE
2883,INDETERMINATE
2884,INDETERMINATE
2885,INDETERMINATE
2886,INDETERMINATE
2887,INDETERMINATE
2888,INDETERMINATE
2889,INDETERMINATE
2890,INDETERMINATE
2891,INDETERMINATE
2892,INDETERMINATE
2893,INDETERMINATE
2894,Rock
2895,INDETERMINATE
2896,INDETERMINATE
2897,INDETERMINATE
2898,Electronic
2899,INDETERMINATE
2900,INDETERMINATE
2901,INDETERMINATE
2902,INDETERMINATE
2903,INDETERMINATE
2904,INDETERMINATE
2905,Rock
2906,Rock
2907,INDETERMINATE
2908,INDETERMINATE
2909,INDETERMINATE
2910,INDETERMINATE
2911,INDETERMINATE
2912,INDETERMINATE
2913,INDETERMINATE
2914,INDETERMINATE
2915,INDETERMINATE
2916,INDETERMINATE
2917,Rock
2918,INDETERMINATE
2919,INDETERMINATE
2920,INDETERMINATE
2921,INDETERMINATE
2922,INDETERMINATE
2923,INDETERMINATE
2924,INDETERMINATE
2925,INDETERMINATE
2926,INDETERMINATE
2927,INDETERMINATE
2928,INDETERMINATE
2929,INDETERMINATE
2930,INDETERMINATE
2931,INDETERMINATE
2932,Rock
2933,INDETERMINATE
2934,INDETERMINATE
2935,Experimental
2936,INDETERMINATE
2937,INDETERMINATE
2938,INDETERMINATE
2939,INDETERMINATE
2940,Rock
2941,INDETERMINATE
2942,INDETERMINATE
2943,INDETERMINATE
2944,INDETERMINATE
2945,INDETERMINATE
2946,INDETERMINATE
2947,INDETERMINATE
2948,INDETERMINATE
2949,INDETERMINATE
2950,INDETERMINATE
2951,INDETERMINATE
2952,INDETERMINATE
2953,INDETERMINATE
2954,INDETERMINATE
2955,INDETERMINATE
2956,INDETERMINATE
2957,INDETERMINATE
2958,INDETERMINATE
2959,Rock
2960,INDETERMINATE
2961,INDETERMINATE
2962,INDETERMINATE
2963,INDETERMINATE
2964,INDETERMINATE
2965,INDETERMINATE
2966,INDETERMINATE
2967,INDETERMINATE
2968,Electronic
2969,INDETERMINATE
2970,Rock
2971,INDETERMINATE
2972,Rock
2973,Rock
2974,INDETERMINATE
2975,INDETERMINATE
2976,INDETERMINATE
2977,INDETERMINATE
2978,INDETERMINATE
2979,INDETERMINATE
2980,INDETERMINATE
2981,INDETERMINATE
2982,INDETERMINATE
2983,INDETERMINATE
2984,INDETERMINATE
2985,INDETERMINATE
2986,INDETERMINATE
2987,INDETERMINATE
2988,INDETERMINATE
2989,INDETERMINATE
2990,INDETERMINATE
2991,INDETERMINATE
2992,INDETERMINATE
2993,INDETERMINATE
2994,INDETERMINATE
2995,INDETERMINATE
2996,INDETERMINATE
2997,INDETERMINATE
2998,INDETERMINATE
2999,INDETERMINATE
3000,INDETERMINATE
3001,INDETERMINATE
3002,Rock
3003,INDETERMINATE
3004,INDETERMINATE
3005,Electronic
3006,Electronic
3007,INDETERMINATE
3008,INDETERMINATE
3009,INDETERMINATE
3010,Rock
3011,INDETERMINATE
3012,INDETERMINATE
3013,INDETERMINATE
3014,INDETERMINATE
3015,INDETERMINATE
3016,Rock
3017,INDETERMINATE
3018,INDETERMINATE
3019,INDETERMINATE
3020,INDETERMINATE
3021,INDETERMINATE
3022,INDETERMINATE
3023,INDETERMINATE
3024,INDETERMINATE
3025,Electronic
3026,INDETERMINATE
3027,Electronic
3028,INDETERMINATE
3029,INDETERMINATE
3030,Electronic
3031,INDETERMINATE
3032,INDETERMINATE
3033,INDETERMINATE
3034,INDETERMINATE
3035,Rock
3036,INDETERMINATE
3037,INDETERMINATE
3038,INDETERMINATE
3039,INDETERMINATE
3040,INDETERMINATE
3041,INDETERMINATE
3042,Rock
3043,INDETERMINATE
3044,Rock
3045,INDETERMINATE
3046,INDETERMINATE
3047,INDETERMINATE
3048,INDETERMINATE
3049,Rock
3050,Rock
3051,Rock
3052,INDETERMINATE
3053,INDETERMINATE
3054,INDETERMINATE
3055,INDETERMINATE
3056,INDETERMINATE
3057,INDETERMINATE
3058,INDETERMINATE
3059,INDETERMINATE
3060,INDETERMINATE
3061,Experimental
3062,INDETERMINATE
3063,INDETERMINATE
3064,INDETERMINATE
3065,INDETERMINATE
3066,INDETERMINATE
3067,INDETERMINATE
3068,INDETERMINATE
3069,INDETERMINATE
3070,INDETERMINATE
3071,Experimental
3072,INDETERMINATE
3073,INDETERMINATE
3074,INDETERMINATE
3075,INDETERMINATE
3076,INDETERMINATE
3077,INDETERMINATE
3078,INDETERMINATE
3079,INDETERMINATE
3080,INDETERMINATE
3081,Rock
3082,INDETERMINATE
3083,INDETERMINATE
3084,INDETERMINATE
3085,INDETERMINATE
3086,INDETERMINATE
3087,INDETERMINATE
3088,INDETERMINATE
3089,INDETERMINATE
3090,INDETERMINATE
3091,INDETERMINATE
3092,INDETERMINATE
3093,INDETERMINATE
3094,Rock
3095,Rock
3096,INDETERMINATE
3097,INDETERMINATE
3098,INDETERMINATE
3099,INDETERMINATE
3100,INDETERMINATE
3101,INDETERMINATE
3102,Rock
3103,Rock
3104,Rock
3105,Rock
3106,INDETERMINATE
3107,INDETERMINATE
3108,INDETERMINATE
3109,INDETERMINATE
3110,INDETERMINATE
3111,INDETERMINATE
3112,INDETERMINATE
3113,INDETERMINATE
3114,INDETERMINATE
3115,INDETERMINATE
3116,INDETERMINATE
3117,INDETERMINATE
3118,INDETERMINATE
3119,INDETERMINATE
3120,INDETERMINATE
3121,INDETERMINATE
3122,INDETERMINATE
3123,INDETERMINATE
3124,INDETERMINATE
3125,INDETERMINATE
3126,INDETERMINATE
3127,INDETERMINATE
3128,Rock
3129,INDETERMINATE
3130,INDETERMINATE
3131,INDETERMINATE
3132,INDETERMINATE
3133,INDETERMINATE
3134,INDETERMINATE
3135,INDETERMINATE
3136,INDETERMINATE
3137,INDETERMINATE
3138,INDETERMINATE
3139,INDETERMINATE
3140,INDETERMINATE
3141,Rock
3142,INDETERMINATE
3143,INDETERMINATE
3144,INDETERMINATE
3145,INDETERMINATE
3146,INDETERMINATE
3147,Rock
3148,INDETERMINATE
3149,INDETERMINATE
3150,Rock
3151,Rock
3152,INDETERMINATE
3153,INDETERMINATE
3154,INDETERMINATE
3155,INDETERMINATE
3156,INDETERMINATE
3157,INDETERMINATE
3158,INDETERMINATE
3159,INDETERMINATE
3160,INDETERMINATE
3161,INDETERMINATE
3162,INDETERMINATE
3163,INDETERMINATE
3164,INDETERMINATE
3165,INDETERMINATE
3166,INDETERMINATE
3167,INDETERMINATE
3168,INDETERMINATE
3169,INDETERMINATE
3170,INDETERMINATE
3171,INDETERMINATE
3172,INDETERMINATE
3173,INDETERMINATE
3174,INDETERMINATE
3175,INDETERMINATE
3176,INDETERMINATE
3177,Electronic
3178,Rock
3179,INDETERMINATE
3180,INDETERMINATE
3181,Rock
3182,INDETERMINATE
3183,INDETERMINATE
3184,INDETERMINATE
3185,INDETERMINATE
3186,INDETERMINATE
3187,INDETERMINATE
3188,INDETERMINATE
3189,INDETERMINATE
3190,INDETERMINATE
3191,INDETERMINATE
3192,INDETERMINATE
3193,INDETERMINATE
3194,INDETERMINATE
3195,INDETERMINATE
3196,INDETERMINATE
3197,INDETERMINATE
3198,INDETERMINATE
3199,INDETERMINATE
3200,INDETERMINATE
3201,Rock
3202,Rock
3203,Rock
3204,INDETERMINATE
3205,Rock
3206,Rock
3207,Rock
3208,INDETERMINATE
3209,INDETERMINATE
3210,Rock
3211,INDETERMINATE
3212,INDETERMINATE
3213,INDETERMINATE
3214,INDETERMINATE
3215,INDETERMINATE
3216,INDETERMINATE
3217,INDETERMINATE
3218,Rock
3219,INDETERMINATE
3220,Rock
3221,INDETERMINATE
3222,INDETERMINATE
3223,INDETERMINATE
3224,INDETERMINATE
3225,INDETERMINATE
3226,INDETERMINATE
3227,INDETERMINATE
3228,INDETERMINATE
3229,INDETERMINATE
3230,INDETERMINATE
3231,INDETERMINATE
3232,INDETERMINATE
3233,INDETERMINATE
3234,INDETERMINATE
3235,INDETERMINATE
3236,INDETERMINATE
3237,INDETERMINATE
3238,INDETERMINATE
3239,INDETERMINATE
3240,INDETERMINATE
3241,INDETERMINATE
3242,INDETERMINATE
3243,INDETERMINATE
3244,INDETERMINATE
3245,INDETERMINATE
3246,INDETERMINATE
3247,INDETERMINATE
3248,INDETERMINATE
3249,INDETERMINATE
3250,INDETERMINATE
3251,INDETERMINATE
3252,INDETERMINATE
3253,INDETERMINATE
3254,INDETERMINATE
3255,INDETERMINATE
3256,INDETERMINATE
3257,INDETERMINATE
3258,INDETERMINATE
3259,INDETERMINATE
3260,INDETERMINATE
3261,INDETERMINATE
3262,Experimental
3263,Experimental
3264,INDETERMINATE
3265,Rock
3266,INDETERMINATE
3267,INDETERMINATE
3268,Rock
3269,INDETERMINATE
3270,INDETERMINATE
3271,INDETERMINATE
3272,INDETERMINATE
3273,INDETERMINATE
3274,INDETERMINATE
3275,INDETERMINATE
3276,INDETERMINATE
3277,INDETERMINATE
3278,INDETERMINATE
3279,INDETERMINATE
3280,INDETERMINATE
3281,INDETERMINATE
3282,INDETERMINATE
3283,INDETERMINATE
3284,INDETERMINATE
3285,INDETERMINATE
3286,INDETERMINATE
3287,INDETERMINATE
3288,INDETERMINATE
3289,INDETERMINATE
3290,INDETERMINATE
3291,INDETERMINATE
3292,INDETERMINATE
3293,INDETERMINATE
3294,Rock
3295,INDETERMINATE
3296,INDETERMINATE
3297,INDETERMINATE
3298,INDETERMINATE
3299,INDETERMINATE
3300,INDETERMINATE
3301,INDETERMINATE
3302,INDETERMINATE
3303,INDETERMINATE
3304,INDETERMINATE
3305,INDETERMINATE
3306,INDETERMINATE
3307,INDETERMINATE
3308,INDETERMINATE
3309,INDETERMINATE
3310,INDETERMINATE
3311,INDETERMINATE
3312,INDETERMINATE
3313,INDETERMINATE
3314,INDETERMINATE
3315,INDETERMINATE
3316,INDETERMINATE
3317,INDETERMINATE
3318,INDETERMINATE
3319,INDETERMINATE
3320,INDETERMINATE
3321,INDETERMINATE
3322,INDETERMINATE
3323,INDETERMINATE
3324,INDETERMINATE
3325,INDETERMINATE
3326,INDETERMINATE
3327,INDETERMINATE
3328,Rock
3329,Experimental
3330,INDETERMINATE
3331,INDETERMINATE
3332,INDETERMINATE
3333,INDETERMINATE
3334,INDETERMINATE
3335,INDETERMINATE
3336,INDETERMINATE
3337,INDETERMINATE
3338,INDETERMINATE
3339,INDETERMINATE
3340,Rock
3341,INDETERMINATE
3342,INDETERMINATE
3343,INDETERMINATE
3344,INDETERMINATE
3345,INDETERMINATE
3346,INDETERMINATE
3347,INDETERMINATE
3348,INDETERMINATE
3349,INDETERMINATE
3350,INDETERMINATE
3351,Rock
3352,INDETERMINATE
3353,INDETERMINATE
3354,INDETERMINATE
3355,INDETERMINATE
3356,INDETERMINATE
3357,Rock
3358,INDETERMINATE
3359,INDETERMINATE
3360,INDETERMINATE
3361,Rock
3362,Rock
3363,INDETERMINATE
3364,Rock
3365,INDETERMINATE
3366,INDETERMINATE
3367,INDETERMINATE
3368,INDETERMINATE
3369,Rock
3370,INDETERMINATE
3371,INDETERMINATE
3372,Rock
3373,INDETERMINATE
3374,INDETERMINATE
3375,INDETERMINATE
3376,INDETERMINATE
3377,INDETERMINATE
3378,INDETERMINATE
3379,INDETERMINATE
3380,INDETERMINATE
3381,INDETERMINATE
3382,INDETERMINATE
3383,Rock
3384,Rock
3385,INDETERMINATE
3386,INDETERMINATE
3387,INDETERMINATE
3388,INDETERMINATE
3389,INDETERMINATE
3390,INDETERMINATE
3391,INDETERMINATE
3392,INDETERMINATE
3393,INDETERMINATE
3394,INDETERMINATE
3395,INDETERMINATE
3396,INDETERMINATE
3397,INDETERMINATE
3398,INDETERMINATE
3399,INDETERMINATE
3400,INDETERMINATE
3401,INDETERMINATE
3402,INDETERMINATE
3403,INDETERMINATE
3404,INDETERMINATE
3405,INDETERMINATE
3406,INDETERMINATE
3407,INDETERMINATE
3408,INDETERMINATE
3409,INDETERMINATE
3410,INDETERMINATE
3411,INDETERMINATE
3412,INDETERMINATE
3413,INDETERMINATE
3414,INDETERMINATE
3415,INDETERMINATE
3416,INDETERMINATE
3417,INDETERMINATE
3418,INDETERMINATE
3419,INDETERMINATE
3420,INDETERMINATE
3421,INDETERMINATE
3422,Rock
3423,INDETERMINATE
3424,INDETERMINATE
3425,INDETERMINATE
3426,Rock
3427,INDETERMINATE
3428,INDETERMINATE
3429,INDETERMINATE
3430,INDETERMINATE
3431,INDETERMINATE
3432,INDETERMINATE
3433,INDETERMINATE
3434,Rock
3435,INDETERMINATE
3436,INDETERMINATE
3437,INDETERMINATE
3438,INDETERMINATE
3439,INDETERMINATE
3440,INDETERMINATE
3441,INDETERMINATE
3442,Rock
3443,INDETERMINATE
3444,INDETERMINATE
3445,INDETERMINATE
3446,INDETERMINATE
3447,INDETERMINATE
3448,INDETERMINATE
3449,INDETERMINATE
3450,INDETERMINATE
3451,INDETERMINATE
3452,INDETERMINATE
3453,INDETERMINATE
3454,Electronic
3455,INDETERMINATE
3456,INDETERMINATE
3457,INDETERMINATE
3458,Rock
3459,INDETERMINATE
3460,INDETERMINATE
3461,Rock
3462,Rock
3463,Rock
3464,Rock
3465,INDETERMINATE
3466,INDETERMINATE
3467,INDETERMINATE
3468,INDETERMINATE
3469,INDETERMINATE
3470,INDETERMINATE
3471,INDETERMINATE
3472,INDETERMINATE
3473,INDETERMINATE
3474,INDETERMINATE
3475,INDETERMINATE
3476,INDETERMINATE
3477,INDETERMINATE
3478,INDETERMINATE
3479,Rock
3480,INDETERMINATE
3481,Rock
3482,Rock
3483,INDETERMINATE
3484,Rock
3485,INDETERMINATE
3486,INDETERMINATE
3487,INDETERMINATE
3488,INDETERMINATE
3489,INDETERMINATE
3490,INDETERMINATE
3491,INDETERMINATE
3492,INDETERMINATE
3493,INDETERMINATE
3494,INDETERMINATE
3495,INDETERMINATE
3496,INDETERMINATE
3497,INDETERMINATE
3498,INDETERMINATE
3499,INDETERMINATE
3500,INDETERMINATE
3501,INDETERMINATE
3502,Rock
3503,INDETERMINATE
3504,INDETERMINATE
3505,Rock
3506,INDETERMINATE
3507,INDETERMINATE
3508,INDETERMINATE
3509,INDETERMINATE
3510,INDETERMINATE
3511,INDETERMINATE
3512,INDETERMINATE
3513,INDETERMINATE
3514,INDETERMINATE
3515,Rock
3516,INDETERMINATE
3517,Rock
3518,INDETERMINATE
3519,Rock
3520,INDETERMINATE
3521,INDETERMINATE
3522,INDETERMINATE
3523,Rock
3524,INDETERMINATE
3525,Electronic
3526,INDETERMINATE
3527,INDETERMINATE
3528,INDETERMINATE
3529,INDETERMINATE
3530,INDETERMINATE
3531,INDETERMINATE
3532,INDETERMINATE
3533,INDETERMINATE
3534,INDETERMINATE
3535,INDETERMINATE
3536,INDETERMINATE
3537,INDETERMINATE
3538,INDETERMINATE
3539,INDETERMINATE
3540,INDETERMINATE
3541,INDETERMINATE
3542,INDETERMINATE
3543,Experimental
3544,INDETERMINATE
3545,Experimental
3546,INDETERMINATE
3547,INDETERMINATE
3548,INDETERMINATE
3549,INDETERMINATE
3550,INDETERMINATE
3551,INDETERMINATE
3552,Rock
3553,INDETERMINATE
3554,INDETERMINATE
3555,Rock
3556,INDETERMINATE
3557,INDETERMINATE
3558,Rock
3559,INDETERMINATE
3560,INDETERMINATE
3561,INDETERMINATE
3562,INDETERMINATE
3563,INDETERMINATE
3564,INDETERMINATE
3565,INDETERMINATE
3566,INDETERMINATE
3567,INDETERMINATE
3568,INDETERMINATE
3569,INDETERMINATE
3570,INDETERMINATE
3571,INDETERMINATE
3572,INDETERMINATE
3573,INDETERMINATE
3574,INDETERMINATE
3575,INDETERMINATE
3576,INDETERMINATE
3577,INDETERMINATE
3578,INDETERMINATE
3579,Electronic
3580,Experimental
3581,INDETERMINATE
3582,Rock
3583,Rock
3584,Rock
3585,INDETERMINATE
3586,INDETERMINATE
3587,INDETERMINATE
3588,INDETERMINATE
3589,INDETERMINATE
3590,INDETERMINATE
3591,INDETERMINATE
3592,INDETERMINATE
3593,INDETERMINATE
3594,INDETERMINATE
3595,INDETERMINATE
3596,INDETERMINATE
3597,INDETERMINATE
3598,INDETERMINATE
3599,INDETERMINATE
3600,INDETERMINATE
3601,INDETERMINATE
3602,INDETERMINATE
3603,Rock
3604,INDETERMINATE
3605,INDETERMINATE
3606,INDETERMINATE
3607,INDETERMINATE
3608,INDETERMINATE
3609,Electronic
3610,INDETERMINATE
3611,INDETERMINATE
3612,INDETERMINATE
3613,INDETERMINATE
3614,Rock
3615,INDETERMINATE
3616,Rock
3617,INDETERMINATE
3618,INDETERMINATE
3619,INDETERMINATE
3620,INDETERMINATE
3621,INDETERMINATE
3622,INDETERMINATE
3623,INDETERMINATE
3624,INDETERMINATE
3625,INDETERMINATE
3626,INDETERMINATE
3627,INDETERMINATE
3628,INDETERMINATE
3629,INDETERMINATE
3630,INDETERMINATE
3631,INDETERMINATE
3632,INDETERMINATE
3633,INDETERMINATE
3634,INDETERMINATE
3635,INDETERMINATE
3636,INDETERMINATE
3637,INDETERMINATE
3638,INDETERMINATE
3639,INDETERMINATE
3640,INDETERMINATE
3641,INDETERMINATE
3642,INDETERMINATE
3643,INDETERMINATE
3644,INDETERMINATE
3645,INDETERMINATE
3646,INDETERMINATE
3647,INDETERMINATE
3648,INDETERMINATE
3649,INDETERMINATE
3650,INDETERMINATE
3651,INDETERMINATE
3652,INDETERMINATE
3653,INDETERMINATE
3654,INDETERMINATE
3655,INDETERMINATE
3656,INDETERMINATE
3657,INDETERMINATE
3658,INDETERMINATE
3659,INDETERMINATE
3660,INDETERMINATE
3661,INDETERMINATE
3662,INDETERMINATE
3663,INDETERMINATE
3664,INDETERMINATE
3665,INDETERMINATE
3666,Rock
3667,INDETERMINATE
3668,INDETERMINATE
3669,INDETERMINATE
3670,INDETERMINATE
3671,INDETERMINATE
3672,INDETERMINATE
3673,INDETERMINATE
3674,INDETERMINATE
3675,Rock
3676,INDETERMINATE
3677,INDETERMINATE
3678,Electronic
3679,INDETERMINATE
3680,INDETERMINATE
3681,INDETERMINATE
3682,Rock
3683,INDETERMINATE
3684,INDETERMINATE
3685,Rock
3686,INDETERMINATE
3687,Rock
3688,INDETERMINATE
3689,INDETERMINATE
3690,INDETERMINATE
3691,INDETERMINATE
3692,INDETERMINATE
3693,INDETERMINATE
3694,Rock
3695,INDETERMINATE
3696,INDETERMINATE
3697,INDETERMINATE
3698,INDETERMINATE
3699,INDETERMINATE
3700,Rock
3701,INDETERMINATE
3702,INDETERMINATE
3703,INDETERMINATE
3704,Electronic
3705,INDETERMINATE
3706,INDETERMINATE
3707,Rock
3708,Rock
3709,INDETERMINATE
3710,INDETERMINATE
3711,INDETERMINATE
3712,INDETERMINATE
3713,INDETERMINATE
3714,INDETERMINATE
3715,INDETERMINATE
3716,INDETERMINATE
3717,INDETERMINATE
3718,INDETERMINATE
3719,INDETERMINATE
3720,INDETERMINATE
3721,INDETERMINATE
3722,INDETERMINATE
3723,INDETERMINATE
3724,INDETERMINATE
3725,INDETERMINATE
3726,INDETERMINATE
3727,INDETERMINATE
3728,INDETERMINATE
3729,INDETERMINATE
3730,Rock
3731,INDETERMINATE
3732,INDETERMINATE
3733,INDETERMINATE
3734,INDETERMINATE
3735,INDETERMINATE
3736,INDETERMINATE
3737,INDETERMINATE
3738,INDETERMINATE
3739,INDETERMINATE
3740,INDETERMINATE
3741,INDETERMINATE
3742,Rock
3743,INDETERMINATE
3744,INDETERMINATE
3745,INDETERMINATE
3746,INDETERMINATE
3747,INDETERMINATE
3748,INDETERMINATE
3749,INDETERMINATE
3750,INDETERMINATE
3751,INDETERMINATE
3752,INDETERMINATE
3753,INDETERMINATE
3754,INDETERMINATE
3755,INDETERMINATE
3756,INDETERMINATE
3757,INDETERMINATE
3758,INDETERMINATE
3759,INDETERMINATE
3760,INDETERMINATE
3761,INDETERMINATE
3762,INDETERMINATE
3763,INDETERMINATE
3764,INDETERMINATE
3765,INDETERMINATE
3766,INDETERMINATE
3767,INDETERMINATE
3768,INDETERMINATE
3769,INDETERMINATE
3770,INDETERMINATE
3771,INDETERMINATE
3772,Rock
3773,INDETERMINATE
3774,INDETERMINATE
3775,Rock
3776,Rock
3777,INDETERMINATE
3778,Rock
3779,INDETERMINATE
3780,Rock
3781,Rock
3782,INDETERMINATE
3783,Rock
3784,INDETERMINATE
3785,Rock
3786,INDETERMINATE
3787,INDETERMINATE
3788,INDETERMINATE
3789,Rock
3790,INDETERMINATE
3791,Rock
3792,INDETERMINATE
3793,INDETERMINATE
3794,INDETERMINATE
3795,INDETERMINATE
3796,INDETERMINATE
3797,INDETERMINATE
3798,INDETERMINATE
3799,Rock
3800,INDETERMINATE
3801,Electronic
3802,INDETERMINATE
3803,Rock
3804,Rock
3805,Rock
3806,INDETERMINATE
3807,Rock
3808,INDETERMINATE
3809,Rock
3810,INDETERMINATE
3811,Rock
3812,INDETERMINATE
3813,INDETERMINATE
3814,INDETERMINATE
3815,INDETERMINATE
3816,INDETERMINATE
3817,INDETERMINATE
3818,Rock
3819,INDETERMINATE
3820,INDETERMINATE
3821,INDETERMINATE
3822,INDETERMINATE
3823,Rock
3824,INDETERMINATE
3825,INDETERMINATE
3826,INDETERMINATE
3827,Rock
3828,INDETERMINATE
3829,INDETERMINATE
3830,INDETERMINATE
3831,INDETERMINATE
3832,INDETERMINATE
3833,INDETERMINATE
3834,INDETERMINATE
3835,INDETERMINATE
3836,INDETERMINATE
3837,INDETERMINATE
3838,Rock
3839,INDETERMINATE
3840,Rock
3841,Rock
3842,INDETERMINATE
3843,INDETERMINATE
3844,Rock
3845,Rock
3846,Rock
3847,Rock
3848,INDETERMINATE
3849,Rock
3850,Rock
3851,Rock
3852,Rock
3853,Rock
3854,Rock
3855,Rock
3856,Rock
3857,INDETERMINATE
3858,INDETERMINATE
3859,INDETERMINATE
3860,INDETERMINATE
3861,INDETERMINATE
3862,INDETERMINATE
3863,INDETERMINATE
3864,INDETERMINATE
3865,INDETERMINATE
3866,INDETERMINATE
3867,INDETERMINATE
3868,INDETERMINATE
3869,INDETERMINATE
3870,INDETERMINATE
3871,INDETERMINATE
3872,Rock
3873,INDETERMINATE
3874,INDETERMINATE
3875,INDETERMINATE
3876,INDETERMINATE
3877,INDETERMINATE
3878,INDETERMINATE
3879,INDETERMINATE
3880,INDETERMINATE
3881,INDETERMINATE
3882,INDETERMINATE
3883,INDETERMINATE
3884,INDETERMINATE
3885,INDETERMINATE
3886,INDETERMINATE
3887,INDETERMINATE
3888,INDETERMINATE
3889,INDETERMINATE
3890,INDETERMINATE
3891,INDETERMINATE
3892,INDETERMINATE
3893,INDETERMINATE
3894,INDETERMINATE
3895,INDETERMINATE
3896,INDETERMINATE
3897,INDETERMINATE
3898,INDETERMINATE
3899,INDETERMINATE
3900,INDETERMINATE
3901,INDETERMINATE
3902,INDETERMINATE
3903,INDETERMINATE
3904,INDETERMINATE
3905,INDETERMINATE
3906,INDETERMINATE
3907,Rock
3908,INDETERMINATE
3909,Rock
3910,Rock
3911,INDETERMINATE
3912,INDETERMINATE
3913,Rock
3914,INDETERMINATE
3915,INDETERMINATE
3916,INDETERMINATE
3917,INDETERMINATE
3918,INDETERMINATE
3919,INDETERMINATE
3920,INDETERMINATE
3921,INDETERMINATE
3922,INDETERMINATE
3923,INDETERMINATE
3924,INDETERMINATE
3925,INDETERMINATE
3926,INDETERMINATE
3927,INDETERMINATE
3928,INDETERMINATE
3929,INDETERMINATE
3930,INDETERMINATE
3931,Rock
3932,INDETERMINATE
3933,Rock
3934,INDETERMINATE
3935,INDETERMINATE
3936,INDETERMINATE
3937,INDETERMINATE
3938,INDETERMINATE
3939,Rock
3940,Rock
3941,Rock
3942,INDETERMINATE
3943,INDETERMINATE
3944,Rock
3945,Rock
3946,INDETERMINATE
3947,Rock
3948,Rock
3949,Rock
3950,INDETERMINATE
3951,INDETERMINATE
3952,Rock
3953,INDETERMINATE
3954,INDETERMINATE
3955,INDETERMINATE
3956,INDETERMINATE
3957,INDETERMINATE
3958,INDETERMINATE
3959,Rock
3960,INDETERMINATE
3961,INDETERMINATE
3962,INDETERMINATE
3963,Rock
3964,Rock
3965,INDETERMINATE
3966,INDETERMINATE
3967,Rock
3968,INDETERMINATE
3969,INDETERMINATE
3970,Rock
3971,INDETERMINATE
3972,INDETERMINATE
3973,INDETERMINATE
3974,Rock
3975,INDETERMINATE
3976,INDETERMINATE
3977,INDETERMINATE
3978,INDETERMINATE
3979,INDETERMINATE
3980,Rock
3981,INDETERMINATE
3982,INDETERMINATE
3983,INDETERMINATE
3984,INDETERMINATE
3985,INDETERMINATE
3986,INDETERMINATE
3987,Rock
3988,INDETERMINATE
3989,INDETERMINATE
3990,Rock
3991,INDETERMINATE
3992,INDETERMINATE
3993,Rock
3994,Rock
3995,INDETERMINATE
3996,Electronic
3997,INDETERMINATE
3998,INDETERMINATE
3999,INDETERMINATE
4000,INDETERMINATE
4001,INDETERMINATE
4002,INDETERMINATE
4003,Rock
4004,INDETERMINATE
4005,INDETERMINATE
4006,INDETERMINATE
4007,INDETERMINATE
4008,INDETERMINATE
4009,Rock
4010,INDETERMINATE
4011,INDETERMINATE
4012,INDETERMINATE
4013,INDETERMINATE
4014,INDETERMINATE
4015,INDETERMINATE
4016,Rock
4017,INDETERMINATE
4018,INDETERMINATE
4019,INDETERMINATE
4020,INDETERMINATE
4021,INDETERMINATE
4022,INDETERMINATE
4023,Rock
4024,INDETERMINATE
4025,INDETERMINATE
4026,INDETERMINATE
4027,INDETERMINATE
4028,INDETERMINATE
4029,INDETERMINATE
4030,INDETERMINATE
4031,INDETERMINATE
4032,INDETERMINATE
4033,Rock
4034,INDETERMINATE
4035,INDETERMINATE
4036,INDETERMINATE
4037,INDETERMINATE
4038,INDETERMINATE
4039,INDETERMINATE
4040,INDETERMINATE
4041,INDETERMINATE
4042,INDETERMINATE
4043,Rock
4044,INDETERMINATE
4045,Electronic
4046,INDETERMINATE
4047,INDETERMINATE
4048,INDETERMINATE
4049,INDETERMINATE
4050,Electronic
4051,INDETERMINATE
4052,INDETERMINATE
4053,INDETERMINATE
4054,INDETERMINATE
4055,INDETERMINATE
4056,INDETERMINATE
4057,INDETERMINATE
4058,Rock
4059,INDETERMINATE
4060,INDETERMINATE
4061,INDETERMINATE
4062,INDETERMINATE
4063,INDETERMINATE
4064,INDETERMINATE
4065,INDETERMINATE
4066,INDETERMINATE
4067,INDETERMINATE
4068,INDETERMINATE
4069,INDETERMINATE
4070,INDETERMINATE
4071,INDETERMINATE
4072,INDETERMINATE
4073,INDETERMINATE
4074,INDETERMINATE
4075,INDETERMINATE
4076,INDETERMINATE
4077,INDETERMINATE
4078,INDETERMINATE
4079,Rock
4080,Rock
4081,INDETERMINATE
4082,Rock
4083,Rock
4084,INDETERMINATE
4085,INDETERMINATE
4086,INDETERMINATE
4087,INDETERMINATE
4088,INDETERMINATE
4089,INDETERMINATE
4090,Rock
4091,INDETERMINATE
4092,INDETERMINATE
4093,INDETERMINATE
4094,INDETERMINATE
4095,INDETERMINATE
4096,Rock
4097,Experimental
4098,INDETERMINATE
4099,INDETERMINATE
4100,Rock
4101,Rock
4102,Rock
4103,INDETERMINATE
4104,Rock
4105,Rock
4106,INDETERMINATE
4107,Rock
4108,Rock
4109,Rock
4110,INDETERMINATE
4111,INDETERMINATE
4112,INDETERMINATE
4113,INDETERMINATE
4114,INDETERMINATE
4115,INDETERMINATE
4116,INDETERMINATE
4117,INDETERMINATE
4118,INDETERMINATE
4119,INDETERMINATE
4120,INDETERMINATE
4121,INDETERMINATE
4122,INDETERMINATE
4123,INDETERMINATE
4124,INDETERMINATE
4125,INDETERMINATE
4126,INDETERMINATE
4127,INDETERMINATE
4128,INDETERMINATE
4129,INDETERMINATE
4130,INDETERMINATE
4131,INDETERMINATE
4132,INDETERMINATE
4133,INDETERMINATE
4134,INDETERMINATE
4135,INDETERMINATE
4136,Rock
4137,INDETERMINATE
4138,INDETERMINATE
4139,INDETERMINATE
4140,INDETERMINATE
4141,Rock
4142,INDETERMINATE
4143,INDETERMINATE
4144,INDETERMINATE
4145,INDETERMINATE
4146,INDETERMINATE
4147,INDETERMINATE
4148,INDETERMINATE
4149,INDETERMINATE
4150,INDETERMINATE
4151,INDETERMINATE
4152,INDETERMINATE
4153,INDETERMINATE
4154,Electronic
4155,INDETERMINATE
4156,INDETERMINATE
4157,INDETERMINATE
4158,Rock
4159,INDETERMINATE
4160,INDETERMINATE
4161,Rock
4162,INDETERMINATE
4163,Rock
4164,INDETERMINATE
4165,INDETERMINATE
4166,Rock
4167,INDETERMINATE
4168,INDETERMINATE
4169,INDETERMINATE
4170,INDETERMINATE
4171,INDETERMINATE
4172,INDETERMINATE
4173,Rock
4174,INDETERMINATE
4175,INDETERMINATE
4176,Rock
4177,INDETERMINATE
4178,Rock
4179,INDETERMINATE
4180,Rock
4181,INDETERMINATE
4182,INDETERMINATE
4183,INDETERMINATE
4184,INDETERMINATE
4185,INDETERMINATE
4186,INDETERMINATE
4187,INDETERMINATE
4188,Rock
4189,INDETERMINATE
4190,INDETERMINATE
4191,INDETERMINATE
4192,Rock
4193,INDETERMINATE
4194,INDETERMINATE
4195,INDETERMINATE
4196,INDETERMINATE
4197,Electronic
4198,INDETERMINATE
4199,Electronic
4200,INDETERMINATE
4201,INDETERMINATE
4202,INDETERMINATE
4203,INDETERMINATE
4204,INDETERMINATE
4205,INDETERMINATE
4206,INDETERMINATE
4207,INDETERMINATE
4208,INDETERMINATE
4209,INDETERMINATE
4210,INDETERMINATE
4211,INDETERMINATE
4212,INDETERMINATE
4213,INDETERMINATE
4214,INDETERMINATE
4215,INDETERMINATE
4216,INDETERMINATE
4217,INDETERMINATE
4218,INDETERMINATE
4219,INDETERMINATE
4220,INDETERMINATE
4221,INDETERMINATE
4222,INDETERMINATE
4223,INDETERMINATE
4224,Rock
4225,INDETERMINATE
4226,Rock
4227,Rock
4228,INDETERMINATE
4229,Experimental
4230,Electronic
4231,INDETERMINATE
4232,INDETERMINATE
4233,INDETERMINATE
4234,INDETERMINATE
4235,INDETERMINATE
4236,INDETERMINATE
4237,INDETERMINATE
4238,Experimental
4239,INDETERMINATE
4240,INDETERMINATE
4241,Electronic
4242,INDETERMINATE
4243,Rock
4244,INDETERMINATE
4245,INDETERMINATE
4246,Rock
4247,INDETERMINATE
4248,INDETERMINATE
4249,INDETERMINATE
4250,Rock
4251,INDETERMINATE
4252,INDETERMINATE
4253,Rock
4254,Rock
4255,Rock
4256,Rock
4257,INDETERMINATE
4258,INDETERMINATE
4259,INDETERMINATE
4260,Rock
4261,Rock
4262,INDETERMINATE
4263,INDETERMINATE
4264,INDETERMINATE
4265,INDETERMINATE
4266,INDETERMINATE
4267,INDETERMINATE
4268,INDETERMINATE
4269,INDETERMINATE
4270,INDETERMINATE
4271,INDETERMINATE
4272,INDETERMINATE
4273,INDETERMINATE
4274,INDETERMINATE
4275,INDETERMINATE
4276,INDETERMINATE
4277,INDETERMINATE
4278,INDETERMINATE
4279,INDETERMINATE
4280,INDETERMINATE
4281,Rock
4282,INDETERMINATE
4283,INDETERMINATE
4284,INDETERMINATE
4285,Rock
4286,INDETERMINATE
4287,Rock
4288,Rock
4289,INDETERMINATE
4290,Rock
4291,INDETERMINATE
4292,Rock
4293,INDETERMINATE
4294,INDETERMINATE
4295,INDETERMINATE
4296,INDETERMINATE
4297,Rock
4298,Rock
4299,Rock
4300,INDETERMINATE
4301,INDETERMINATE
4302,INDETERMINATE
4303,INDETERMINATE
4304,INDETERMINATE
4305,INDETERMINATE
4306,INDETERMINATE
4307,INDETERMINATE
4308,INDETERMINATE
4309,INDETERMINATE
4310,INDETERMINATE
4311,INDETERMINATE
4312,INDETERMINATE
4313,INDETERMINATE
4314,INDETERMINATE
4315,INDETERMINATE
4316,INDETERMINATE
4317,INDETERMINATE
4318,INDETERMINATE
4319,INDETERMINATE
4320,INDETERMINATE
4321,INDETERMINATE
4322,INDETERMINATE
4323,Rock
4324,Rock
4325,INDETERMINATE
4326,Rock
4327,Rock
4328,Rock
4329,INDETERMINATE
4330,INDETERMINATE
4331,INDETERMINATE
4332,INDETERMINATE
4333,Rock
4334,Electronic
4335,Electronic
4336,Electronic
4337,Rock
4338,Electronic
4339,INDETERMINATE
4340,Rock
4341,INDETERMINATE
4342,INDETERMINATE
4343,INDETERMINATE
4344,INDETERMINATE
4345,INDETERMINATE
4346,INDETERMINATE
4347,INDETERMINATE
4348,INDETERMINATE
4349,INDETERMINATE
4350,INDETERMINATE
4351,INDETERMINATE
4352,INDETERMINATE
4353,Rock
4354,Rock
4355,Rock
4356,INDETERMINATE
4357,Rock
4358,INDETERMINATE
4359,Rock
4360,Rock
4361,Rock
4362,Rock
4363,Electronic
4364,INDETERMINATE
4365,Rock
4366,INDETERMINATE
4367,INDETERMINATE
4368,Rock
4369,INDETERMINATE
4370,INDETERMINATE
4371,INDETERMINATE
4372,INDETERMINATE
4373,INDETERMINATE
4374,INDETERMINATE
4375,INDETERMINATE
4376,INDETERMINATE
4377,INDETERMINATE
4378,INDETERMINATE
4379,INDETERMINATE
4380,Rock
4381,Rock
4382,INDETERMINATE
4383,INDETERMINATE
4384,INDETERMINATE
4385,INDETERMINATE
4386,Rock
4387,INDETERMINATE
4388,INDETERMINATE
4389,INDETERMINATE
4390,Rock
4391,INDETERMINATE
4392,INDETERMINATE
4393,Rock
4394,Rock
4395,INDETERMINATE
4396,INDETERMINATE
4397,INDETERMINATE
4398,INDETERMINATE
4399,Rock
4400,INDETERMINATE
4401,Rock
4402,INDETERMINATE
4403,Rock
4404,Rock
4405,Rock
4406,INDETERMINATE
4407,INDETERMINATE
4408,Experimental
4409,INDETERMINATE
4410,Rock
4411,INDETERMINATE
4412,INDETERMINATE
4413,INDETERMINATE
4414,INDETERMINATE
4415,INDETERMINATE
4416,INDETERMINATE
4417,INDETERMINATE
4418,INDETERMINATE
4419,INDETERMINATE
4420,INDETERMINATE
4421,Rock
4422,INDETERMINATE
4423,INDETERMINATE
4424,INDETERMINATE
4425,INDETERMINATE
4426,INDETERMINATE
4427,INDETERMINATE
4428,INDETERMINATE
4429,Rock
4430,INDETERMINATE
4431,INDETERMINATE
4432,INDETERMINATE
4433,INDETERMINATE
4434,INDETERMINATE
4435,INDETERMINATE
4436,INDETERMINATE
4437,INDETERMINATE
4438,INDETERMINATE
4439,Rock
4440,Electronic
4441,INDETERMINATE
4442,Electronic
4443,Electronic
4444,INDETERMINATE
4445,INDETERMINATE
4446,INDETERMINATE
4447,Rock
4448,INDETERMINATE
4449,INDETERMINATE
4450,INDETERMINATE
4451,INDETERMINATE
4452,Experimental
4453,INDETERMINATE
4454,INDETERMINATE
4455,INDETERMINATE
4456,INDETERMINATE
4457,INDETERMINATE
4458,INDETERMINATE
4459,INDETERMINATE
4460,INDETERMINATE
4461,INDETERMINATE
4462,INDETERMINATE
4463,INDETERMINATE
4464,INDETERMINATE
4465,INDETERMINATE
4466,INDETERMINATE
4467,INDETERMINATE
4468,INDETERMINATE
4469,INDETERMINATE
4470,INDETERMINATE
4471,INDETERMINATE
4472,INDETERMINATE
4473,INDETERMINATE
4474,INDETERMINATE
4475,INDETERMINATE
4476,INDETERMINATE
4477,INDETERMINATE
4478,INDETERMINATE
4479,INDETERMINATE
4480,INDETERMINATE
4481,INDETERMINATE
4482,INDETERMINATE
4483,INDETERMINATE
4484,INDETERMINATE
4485,INDETERMINATE
4486,Electronic
4487,Electronic
4488,INDETERMINATE
4489,INDETERMINATE
4490,INDETERMINATE
4491,INDETERMINATE
4492,INDETERMINATE
4493,INDETERMINATE
4494,INDETERMINATE
4495,INDETERMINATE
4496,INDETERMINATE
4497,INDETERMINATE
4498,INDETERMINATE
4499,INDETERMINATE
4500,Rock
4501,INDETERMINATE
4502,INDETERMINATE
4503,INDETERMINATE
4504,INDETERMINATE
4505,Rock
4506,INDETERMINATE
4507,INDETERMINATE
4508,INDETERMINATE
4509,INDETERMINATE
4510,INDETERMINATE
4511,INDETERMINATE
4512,INDETERMINATE
4513,INDETERMINATE
4514,INDETERMINATE
4515,INDETERMINATE
4516,INDETERMINATE
4517,INDETERMINATE
4518,INDETERMINATE
4519,INDETERMINATE
4520,INDETERMINATE
4521,INDETERMINATE
4522,INDETERMINATE
4523,INDETERMINATE
4524,INDETERMINATE
4525,INDETERMINATE
4526,INDETERMINATE
4527,INDETERMINATE
4528,INDETERMINATE
4529,INDETERMINATE
4530,INDETERMINATE
4531,Electronic
4532,INDETERMINATE
4533,INDETERMINATE
4534,INDETERMINATE
4535,INDETERMINATE
4536,INDETERMINATE
4537,INDETERMINATE
4538,INDETERMINATE
4539,INDETERMINATE
4540,INDETERMINATE
4541,INDETERMINATE
4542,INDETERMINATE
4543,INDETERMINATE
4544,INDETERMINATE
4545,INDETERMINATE
4546,INDETERMINATE
4547,INDETERMINATE
4548,INDETERMINATE
4549,INDETERMINATE
4550,INDETERMINATE
4551,INDETERMINATE
4552,INDETERMINATE
4553,INDETERMINATE
4554,Rock
4555,INDETERMINATE
4556,INDETERMINATE
4557,INDETERMINATE
4558,INDETERMINATE
4559,INDETERMINATE
4560,INDETERMINATE
4561,INDETERMINATE
4562,INDETERMINATE
4563,INDETERMINATE
4564,INDETERMINATE
4565,INDETERMINATE
4566,INDETERMINATE
4567,INDETERMINATE
4568,INDETERMINATE
4569,Experimental
4570,INDETERMINATE
4571,INDETERMINATE
4572,INDETERMINATE
4573,INDETERMINATE
4574,INDETERMINATE
4575,INDETERMINATE
4576,INDETERMINATE
4577,Rock
4578,INDETERMINATE
4579,INDETERMINATE
4580,Electronic
4581,INDETERMINATE
4582,Rock
4583,Experimental
4584,Electronic
4585,INDETERMINATE
4586,Electronic
4587,INDETERMINATE
4588,Electronic
4589,INDETERMINATE
4590,Rock
4591,INDETERMINATE
4592,INDETERMINATE
4593,INDETERMINATE
4594,INDETERMINATE
4595,INDETERMINATE
4596,INDETERMINATE
4597,INDETERMINATE
4598,INDETERMINATE
4599,INDETERMINATE
4600,INDETERMINATE
4601,INDETERMINATE
4602,INDETERMINATE
4603,INDETERMINATE
4604,INDETERMINATE
4605,INDETERMINATE
4606,INDETERMINATE
4607,INDETERMINATE
4608,INDETERMINATE
4609,INDETERMINATE
4610,INDETERMINATE
4611,INDETERMINATE
4612,INDETERMINATE
4613,INDETERMINATE
4614,Experimental
4615,INDETERMINATE
4616,INDETERMINATE
4617,INDETERMINATE
4618,INDETERMINATE
4619,INDETERMINATE
4620,INDETERMINATE
4621,INDETERMINATE
4622,INDETERMINATE
4623,Rock
4624,INDETERMINATE
4625,INDETERMINATE
4626,INDETERMINATE
4627,INDETERMINATE
4628,INDETERMINATE
4629,INDETERMINATE
4630,INDETERMINATE
4631,Rock
4632,Rock
4633,INDETERMINATE
4634,INDETERMINATE
4635,INDETERMINATE
4636,INDETERMINATE
4637,INDETERMINATE
4638,INDETERMINATE
4639,INDETERMINATE
4640,INDETERMINATE
4641,INDETERMINATE
4642,Rock
4643,INDETERMINATE
4644,INDETERMINATE
4645,INDETERMINATE
4646,INDETERMINATE
4647,INDETERMINATE
4648,Rock
4649,INDETERMINATE
4650,INDETERMINATE
4651,Electronic
4652,INDETERMINATE
4653,INDETERMINATE
4654,INDETERMINATE
4655,INDETERMINATE
4656,INDETERMINATE
4657,INDETERMINATE
4658,INDETERMINATE
4659,INDETERMINATE
4660,INDETERMINATE
4661,INDETERMINATE
4662,INDETERMINATE
4663,INDETERMINATE
4664,Electronic
4665,INDETERMINATE
4666,INDETERMINATE
4667,INDETERMINATE
4668,INDETERMINATE
4669,INDETERMINATE
4670,INDETERMINATE
4671,INDETERMINATE
4672,INDETERMINATE
4673,Rock
4674,INDETERMINATE
4675,INDETERMINATE
4676,INDETERMINATE
4677,INDETERMINATE
4678,INDETERMINATE
4679,INDETERMINATE
4680,INDETERMINATE
4681,INDETERMINATE
4682,INDETERMINATE
4683,INDETERMINATE
4684,Rock
4685,INDETERMINATE
4686,INDETERMINATE
4687,INDETERMINATE
4688,INDETERMINATE
4689,INDETERMINATE
4690,INDETERMINATE
4691,INDETERMINATE
4692,INDETERMINATE
4693,INDETERMINATE
4694,Experimental
4695,INDETERMINATE
4696,INDETERMINATE
4697,INDETERMINATE
4698,INDETERMINATE
4699,INDETERMINATE
4700,INDETERMINATE
4701,INDETERMINATE
4702,INDETERMINATE
4703,Experimental
4704,INDETERMINATE
4705,INDETERMINATE
4706,INDETERMINATE
4707,INDETERMINATE
4708,INDETERMINATE
4709,INDETERMINATE
4710,Rock
4711,INDETERMINATE
4712,INDETERMINATE
4713,Rock
4714,INDETERMINATE
4715,INDETERMINATE
4716,INDETERMINATE
4717,INDETERMINATE
4718,INDETERMINATE
4719,INDETERMINATE
4720,INDETERMINATE
4721,INDETERMINATE
4722,INDETERMINATE
4723,INDETERMINATE
4724,INDETERMINATE
4725,INDETERMINATE
4726,INDETERMINATE
4727,INDETERMINATE
4728,INDETERMINATE
4729,INDETERMINATE
4730,Electronic
4731,INDETERMINATE
4732,INDETERMINATE
4733,Electronic
4734,INDETERMINATE
4735,INDETERMINATE
4736,INDETERMINATE
4737,INDETERMINATE
4738,INDETERMINATE
4739,INDETERMINATE
4740,Electronic
4741,INDETERMINATE
4742,INDETERMINATE
4743,INDETERMINATE
4744,INDETERMINATE
4745,INDETERMINATE
4746,INDETERMINATE
4747,Rock
4748,Rock
4749,Rock
4750,Rock
4751,INDETERMINATE
4752,INDETERMINATE
4753,INDETERMINATE
4754,INDETERMINATE
4755,INDETERMINATE
4756,INDETERMINATE
4757,INDETERMINATE
4758,Rock
4759,INDETERMINATE
4760,INDETERMINATE
4761,INDETERMINATE
4762,INDETERMINATE
4763,Rock
4764,INDETERMINATE
4765,INDETERMINATE
4766,INDETERMINATE
4767,INDETERMINATE
4768,INDETERMINATE
4769,INDETERMINATE
4770,INDETERMINATE
4771,INDETERMINATE
4772,Rock
4773,INDETERMINATE
4774,Rock
4775,INDETERMINATE
4776,INDETERMINATE
4777,INDETERMINATE
4778,INDETERMINATE
4779,Experimental
4780,INDETERMINATE
4781,INDETERMINATE
4782,INDETERMINATE
4783,INDETERMINATE
4784,INDETERMINATE
4785,INDETERMINATE
4786,INDETERMINATE
4787,INDETERMINATE
4788,INDETERMINATE
4789,INDETERMINATE
4790,INDETERMINATE
4791,INDETERMINATE
4792,INDETERMINATE
4793,Rock
4794,Rock
4795,INDETERMINATE
4796,INDETERMINATE
4797,INDETERMINATE
4798,INDETERMINATE
4799,INDETERMINATE
4800,INDETERMINATE
4801,Rock
4802,INDETERMINATE
4803,INDETERMINATE
4804,INDETERMINATE
4805,INDETERMINATE
4806,Electronic
4807,INDETERMINATE
4808,INDETERMINATE
4809,INDETERMINATE
4810,INDETERMINATE
4811,INDETERMINATE
4812,INDETERMINATE
4813,INDETERMINATE
4814,Electronic
4815,INDETERMINATE
4816,INDETERMINATE
4817,INDETERMINATE
4818,Electronic
4819,Electronic
4820,INDETERMINATE
4821,Rock
4822,INDETERMINATE
4823,INDETERMINATE
4824,INDETERMINATE
4825,INDETERMINATE
4826,INDETERMINATE
4827,INDETERMINATE
4828,Rock
4829,INDETERMINATE
4830,INDETERMINATE
4831,INDETERMINATE
4832,INDETERMINATE
4833,INDETERMINATE
4834,INDETERMINATE
4835,INDETERMINATE
4836,INDETERMINATE
4837,INDETERMINATE
4838,INDETERMINATE
4839,INDETERMINATE
4840,INDETERMINATE
4841,INDETERMINATE
4842,Rock
4843,INDETERMINATE
4844,INDETERMINATE
4845,INDETERMINATE
4846,Rock
4847,Rock
4848,Rock
4849,INDETERMINATE
4850,Rock
4851,INDETERMINATE
4852,INDETERMINATE
4853,INDETERMINATE
4854,Rock
4855,INDETERMINATE
4856,Electronic
4857,Electronic
4858,Rock
4859,INDETERMINATE
4860,Rock
4861,Rock
4862,Rock
4863,INDETERMINATE
4864,INDETERMINATE
4865,INDETERMINATE
4866,Electronic
4867,INDETERMINATE
4868,INDETERMINATE
4869,INDETERMINATE
4870,Experimental
4871,INDETERMINATE
4872,INDETERMINATE
4873,INDETERMINATE
4874,INDETERMINATE
4875,Rock
4876,INDETERMINATE
4877,Experimental
4878,INDETERMINATE
4879,Electronic
4880,INDETERMINATE
4881,INDETERMINATE
4882,INDETERMINATE
4883,INDETERMINATE
4884,INDETERMINATE
4885,INDETERMINATE
4886,INDETERMINATE
4887,INDETERMINATE
4888,INDETERMINATE
4889,INDETERMINATE
4890,INDETERMINATE
4891,INDETERMINATE
4892,INDETERMINATE
4893,INDETERMINATE
4894,INDETERMINATE
4895,INDETERMINATE
4896,INDETERMINATE
4897,Electronic
4898,INDETERMINATE
4899,INDETERMINATE
4900,Rock
4901,INDETERMINATE
4902,INDETERMINATE
4903,Rock
4904,INDETERMINATE
4905,INDETERMINATE
4906,INDETERMINATE
4907,INDETERMINATE
4908,INDETERMINATE
4909,INDETERMINATE
4910,INDETERMINATE
4911,INDETERMINATE
4912,Experimental
4913,INDETERMINATE
4914,INDETERMINATE
4915,INDETERMINATE
4916,INDETERMINATE
4917,INDETERMINATE
4918,INDETERMINATE
4919,INDETERMINATE
4920,INDETERMINATE
4921,INDETERMINATE
4922,INDETERMINATE
4923,INDETERMINATE
4924,INDETERMINATE
4925,INDETERMINATE
4926,INDETERMINATE
4927,INDETERMINATE
4928,Rock
4929,INDETERMINATE
4930,INDETERMINATE
4931,Experimental
4932,Electronic
4933,INDETERMINATE
4934,INDETERMINATE
4935,INDETERMINATE
4936,INDETERMINATE
4937,INDETERMINATE
4938,INDETERMINATE
4939,INDETERMINATE
4940,Electronic
4941,INDETERMINATE
4942,INDETERMINATE
4943,Experimental
4944,Electronic
4945,INDETERMINATE
4946,Rock
4947,Rock
4948,INDETERMINATE
4949,INDETERMINATE
